id,Exited
15000,0.04393094341918662
15001,0.03203415944792714
15002,0.04045456931848662
15003,0.6118393087364821
15004,0.041045339468759406
15005,0.3208276357723999
15006,0.03267907073241578
15007,0.04056430811063213
15008,0.013056379468547994
15009,0.016813929269073043
15010,0.051888182389137276
15011,0.9285423597552741
15012,0.12463018465790768
15013,0.14462279876781475
15014,0.04257390979359023
15015,0.027430354890125398
15016,0.06000321678520786
15017,0.013597510531927296
15018,0.27280693461745265
15019,0.01854406752520607
15020,0.015451477397957493
15021,0.01056920016583316
15022,0.9586867201541297
15023,0.3043327161842386
15024,0.01844912389976598
15025,0.6362196133414144
15026,0.7503563192440552
15027,0.031109966027056103
15028,0.12904443987218012
15029,0.6315397720151718
15030,0.561340875230289
15031,0.7177012447327143
15032,0.04910154763006491
15033,0.16000058154396482
15034,0.8657737948478623
15035,0.023696795378087512
15036,0.013944013560907872
15037,0.8882244324048159
15038,0.06286893848475678
15039,0.03415681169868882
15040,0.3159952292189846
15041,0.012910177457308358
15042,0.012937618347251602
15043,0.023317676571651534
15044,0.0065682123519357
15045,0.055764854833051464
15046,0.2292660029945954
15047,0.8627375250558473
15048,0.013387952004470521
15049,0.5678137910279578
15050,0.020254533824286828
15051,0.038727941315909925
15052,0.03435612936716003
15053,0.5484851157034736
15054,0.1046632497952523
15055,0.012838870657388549
15056,0.014214005781397268
15057,0.9005871477817988
15058,0.8018566326492962
15059,0.09092795789874664
15060,0.009100822523413921
15061,0.014357968801325869
15062,0.7316261728499655
15063,0.7276323056610541
15064,0.05597570678900072
15065,0.05549340327794308
15066,0.04012803799810987
15067,0.9637870657074344
15068,0.8520200109962578
15069,0.054266960148411404
15070,0.7433565662569089
15071,0.0212467877926184
15072,0.8976466800153703
15073,0.5492171068518596
15074,0.0212467877926184
15075,0.011140015496826569
15076,0.0058539532082165415
15077,0.047620762178385165
15078,0.005195386216252826
15079,0.10280213001895955
15080,0.8408024808993926
15081,0.20039028676218448
15082,0.06922456733033344
15083,0.09124270041704856
15084,0.020073860791163096
15085,0.03260571016130552
15086,0.7159961564101501
15087,0.018342997036770413
15088,0.015597281558438095
15089,0.06331409546467479
15090,0.023317676571651534
15091,0.01794363863473625
15092,0.005902950867546522
15093,0.09023904019889402
15094,0.016813929269073043
15095,0.028159684618382485
15096,0.4661860087011354
15097,0.010899078570849065
15098,0.04050193676213543
15099,0.1754517931220815
15100,0.012907155856654454
15101,0.8016246417116125
15102,0.5306040191761665
15103,0.5611773217140833
15104,0.24158547251267637
15105,0.06975646936863783
15106,0.1240998747325394
15107,0.9790572358423809
15108,0.01562064910365338
15109,0.012215736312627243
15110,0.21209739887972276
15111,0.059441750953512444
15112,0.2277816734053974
15113,0.021651171824240204
15114,0.009685681037815924
15115,0.016415613404697025
15116,0.005233368864630768
15117,0.9602318850694503
15118,0.06690181618811249
15119,0.0293822377498332
15120,0.01702457039464102
15121,0.16664488185116075
15122,0.019525758303782424
15123,0.037289285424443756
15124,0.1600152863649979
15125,0.02380832961042646
15126,0.849572294683839
15127,0.009100822523413921
15128,0.07518570161781281
15129,0.09068630878171584
15130,0.005354505323955559
15131,0.8375143400181874
15132,0.049802270107692025
15133,0.12045607630187878
15134,0.024881508632858734
15135,0.7926012664210927
15136,0.38335258281775586
15137,0.1203833487726394
15138,0.06427239712319233
15139,0.01167300059271441
15140,0.022752129152561015
15141,0.8920183326761493
15142,0.0156878999392379
15143,0.7570613826937983
15144,0.18146466909252532
15145,0.02317724229249932
15146,0.02293824752018938
15147,0.39134333162798307
15148,0.026681254703036204
15149,0.9595165093617269
15150,0.08034406022961493
15151,0.34234265508494965
15152,0.889724109743171
15153,0.12679004976652644
15154,0.8126823603245431
15155,0.2615699702207807
15156,0.010616658361995405
15157,0.05556661973822059
15158,0.30896224755667306
15159,0.6139418769486226
15160,0.32805156978799216
15161,0.007137724276509876
15162,0.007930623577228076
15163,0.017390944997692476
15164,0.004564528812523721
15165,0.07290926724611226
15166,0.8424740858116445
15167,0.1742003415779792
15168,0.09863396380608501
15169,0.02014844435536955
15170,0.44841952073527463
15171,0.02017273930943103
15172,0.04123639705517436
15173,0.965311130721315
15174,0.7254096491851085
15175,0.06331252026395896
15176,0.012189458731088232
15177,0.14033681415926966
15178,0.07948362455095873
15179,0.025352175787736388
15180,0.2768804304694093
15181,0.9650236283953133
15182,0.3081239074856699
15183,0.6356840071079883
15184,0.014654000806321602
15185,0.3879983911989593
15186,0.08003103513411325
15187,0.011442446825553305
15188,0.044512245492713674
15189,0.014516930036517392
15190,0.13203680436182874
15191,0.027594826080480916
15192,0.0780992821958877
15193,0.10711128998724982
15194,0.4450505080996138
15195,0.23571887054649873
15196,0.27811176155609957
15197,0.012775451398886388
15198,0.42144023717845647
15199,0.030805714486882733
15200,0.13565443936137644
15201,0.03869062583448692
15202,0.01435995045596567
15203,0.013179360962014585
15204,0.00532705072565232
15205,0.19025299809324941
15206,0.08919642119420773
15207,0.1005222077731384
15208,0.02075790450496731
15209,0.09651650954367298
15210,0.017914612487622827
15211,0.042214465316660885
15212,0.7439256716591339
15213,0.016813929269073043
15214,0.04641012102329755
15215,0.03960702080376775
15216,0.7009013057184558
15217,0.031981173244287175
15218,0.12140858787554192
15219,0.015149638659837315
15220,0.049188287675532266
15221,0.03547918329587502
15222,0.14232033281560652
15223,0.022972726686076608
15224,0.01794363863473625
15225,0.241217435512324
15226,0.6634622035816454
15227,0.016682708488210518
15228,0.6115202618654987
15229,0.09504756193002008
15230,0.9091439753416217
15231,0.6778288090651243
15232,0.03870949034989916
15233,0.12854116519879288
15234,0.9908695532048809
15235,0.01418317344320011
15236,0.25286539375450856
15237,0.07678339828556438
15238,0.013387952004470521
15239,0.024559857012991026
15240,0.1520919436312961
15241,0.08132968476730335
15242,0.30687566101679836
15243,0.6115297356696702
15244,0.021791382028471147
15245,0.7459971765484888
15246,0.17655873603983907
15247,0.12217248291885188
15248,0.17837635706533253
15249,0.0296016198676917
15250,0.015314250326975512
15251,0.016398856655655554
15252,0.25078861398406577
15253,0.18474728153102773
15254,0.01280166981275378
15255,0.017609843889568388
15256,0.011450624215032524
15257,0.059672193203336735
15258,0.7455766828145793
15259,0.08272667453960597
15260,0.007930623577228076
15261,0.9575554323937909
15262,0.020870709495198175
15263,0.852431335917544
15264,0.10991625005149151
15265,0.2575195181182118
15266,0.06226608242099065
15267,0.08090635562001015
15268,0.017914612487622827
15269,0.029503750141642505
15270,0.08292833123876102
15271,0.033953113322214935
15272,0.07767101467059431
15273,0.023846884404948896
15274,0.9681184409773145
15275,0.916554993993796
15276,0.14503699217838495
15277,0.04423936568005647
15278,0.011442446825553305
15279,0.03964876025805847
15280,0.9210340516394872
15281,0.016813929269073043
15282,0.06597846455839065
15283,0.6283259101444564
15284,0.011952072693805273
15285,0.8982292783968034
15286,0.006515735353735352
15287,0.008425591191437773
15288,0.01605585474635473
15289,0.04808397614106019
15290,0.012024185501537867
15291,0.012215736312627243
15292,0.25360326096868296
15293,0.970620830232853
15294,0.030114623200094393
15295,0.11559246642332292
15296,0.05360835469927765
15297,0.02810542446938243
15298,0.007930623577228076
15299,0.006084790813906282
15300,0.06920685428719794
15301,0.39447485718078507
15302,0.173361775010862
15303,0.012752911869455232
15304,0.018677058871746952
15305,0.12958313668704066
15306,0.03428873138767879
15307,0.6511324651311786
15308,0.005826345219716694
15309,0.9632339122841093
15310,0.7608826319436791
15311,0.1813957646818486
15312,0.022268799949930203
15313,0.01822514048552791
15314,0.014323198659505557
15315,0.012215736312627243
15316,0.16778088468694344
15317,0.02905550685911371
15318,0.4885042836556487
15319,0.007930623577228076
15320,0.05022351818909954
15321,0.02445696690925941
15322,0.08167659619840839
15323,0.026827971052635784
15324,0.889044643536853
15325,0.009135185496522171
15326,0.061649762591488126
15327,0.4088855962680215
15328,0.13558758160916257
15329,0.014480108298879872
15330,0.022482885814178507
15331,0.04012803799810987
15332,0.025305809305501727
15333,0.036881799207432946
15334,0.17049122755330148
15335,0.016234218591924025
15336,0.1006092732070388
15337,0.029171257981089903
15338,0.07014313654299509
15339,0.021513446204269905
15340,0.011636789598186377
15341,0.007345393602558574
15342,0.9248965551328333
15343,0.05658686967586516
15344,0.07991855042958074
15345,0.2308783972932592
15346,0.8965147793473696
15347,0.07803235723361818
15348,0.06124449769656845
15349,0.03358917490953605
15350,0.023350986747218205
15351,0.023013019288952597
15352,0.066369049820061
15353,0.5645234379899069
15354,0.021828340278943852
15355,0.05215082412001396
15356,0.5345740915285789
15357,0.008670246349428718
15358,0.030449824960168206
15359,0.007930623577228076
15360,0.014539746925213839
15361,0.011442446825553305
15362,0.01854406752520607
15363,0.028375344698023997
15364,0.09137776319374609
15365,0.587596133249185
15366,0.5292537986293221
15367,0.7556774787566812
15368,0.026917725219223372
15369,0.026062744393185715
15370,0.6283259101444564
15371,0.014442172258197277
15372,0.02535162033878958
15373,0.196445825876021
15374,0.2468713611932371
15375,0.08207529498593197
15376,0.30621164675104123
15377,0.825043713909867
15378,0.05045946835448917
15379,0.7630790013063243
15380,0.5845504438031598
15381,0.014614481591335009
15382,0.010551528555714333
15383,0.02710359585435042
15384,0.7058040882037704
15385,0.16212159940785306
15386,0.09056515954757739
15387,0.04695269259675314
15388,0.010989955188746962
15389,0.03995865623281776
15390,0.27408473002131
15391,0.1857133107087638
15392,0.003576191324262052
15393,0.013387952004470521
15394,0.010191379315318938
15395,0.017609843889568388
15396,0.10321630984738385
15397,0.012333416960701225
15398,0.01999951661965978
15399,0.02014844435536955
15400,0.43824673249526985
15401,0.0803114955274196
15402,0.013069633496866248
15403,0.034773485676943515
15404,0.07184280973076902
15405,0.054491833401297346
15406,0.16482444646128916
15407,0.0653176302623455
15408,0.07532787134970897
15409,0.5845817004279564
15410,0.4405666620364447
15411,0.011442446825553305
15412,0.04641012102329755
15413,0.7219241069381422
15414,0.972944632204354
15415,0.020570601450663938
15416,0.015865054278189194
15417,0.4826212030261534
15418,0.05502561788467645
15419,0.2829722797799876
15420,0.04212959736616698
15421,0.029692851163551894
15422,0.16993469701332237
15423,0.2653038957787504
15424,0.022076467226640105
15425,0.916584834218261
15426,0.7960365864154306
15427,0.2151021369367203
15428,0.108257186186704
15429,0.0521897895312313
15430,0.015884400918005886
15431,0.0072904847013148515
15432,0.0637013149550711
15433,0.01594865935004777
15434,0.012215736312627243
15435,0.024284418978048485
15436,0.07932238824004674
15437,0.18501307818442386
15438,0.019038520133435606
15439,0.08472924951911281
15440,0.052145136031471445
15441,0.7983212003154837
15442,0.7754778189272142
15443,0.3907448553431748
15444,0.014150986099311884
15445,0.01413473856142965
15446,0.10950970357458738
15447,0.010716109926666552
15448,0.9260865394037293
15449,0.02053912426939488
15450,0.044442924430261446
15451,0.044641356297422
15452,0.5330258338275475
15453,0.0971959610223106
15454,0.14493797890136742
15455,0.9225476878659641
15456,0.07991855042958074
15457,0.014553492614311492
15458,0.043006691727367465
15459,0.7323336130168621
15460,0.40421556676670656
15461,0.07888089654584636
15462,0.06550076140192743
15463,0.01784888899103191
15464,0.9111092514265479
15465,0.2594298078888846
15466,0.017370603164087957
15467,0.8963075026692311
15468,0.011442446825553305
15469,0.04363297135560991
15470,0.009100822523413921
15471,0.015537193181570652
15472,0.06267335014061684
15473,0.03376237251394747
15474,0.13336505910831162
15475,0.3606542830229192
15476,0.20072445011040982
15477,0.03263399968645811
15478,0.032707190876495665
15479,0.04942839485219011
15480,0.6644189154280506
15481,0.9493115349242477
15482,0.06850339696394832
15483,0.9761107764912423
15484,0.014442172258197277
15485,0.4895480358461528
15486,0.01726719530854658
15487,0.9373513627397817
15488,0.007095062673991467
15489,0.16520104621496295
15490,0.8611044085992299
15491,0.4887628490923364
15492,0.9545216143105449
15493,0.1108183394552939
15494,0.16728220932689244
15495,0.5606902237208847
15496,0.0726548028299584
15497,0.0069628319452300575
15498,0.9723398022203757
15499,0.21482184328517231
15500,0.015283045396831167
15501,0.009905580415190103
15502,0.06396248722264801
15503,0.9738075528725492
15504,0.09517676743161727
15505,0.03483697153097383
15506,0.11368651368931944
15507,0.004998112570380312
15508,0.3010205901957012
15509,0.034383586458986024
15510,0.1443988762275704
15511,0.03691280006595955
15512,0.013944013560907872
15513,0.10071705778276117
15514,0.1033305728905376
15515,0.011032838762987803
15516,0.12078620220772139
15517,0.22922328339027825
15518,0.019176351113579057
15519,0.03483697153097383
15520,0.15585529528009093
15521,0.1001108699874118
15522,0.08854976786496792
15523,0.030874028908500793
15524,0.11413695830675889
15525,0.008794067705002748
15526,0.0173768401299047
15527,0.01276137937672831
15528,0.044585752192536264
15529,0.06550076140192743
15530,0.009566601534916319
15531,0.056117284565420845
15532,0.016585219489177638
15533,0.08924158874013158
15534,0.015198423582696078
15535,0.1167055985363084
15536,0.2942068110091793
15537,0.029458590143746917
15538,0.061530007062078534
15539,0.026950968081736786
15540,0.04253643798824593
15541,0.019776115303715248
15542,0.013944013560907872
15543,0.016720964568310313
15544,0.021533334708118166
15545,0.049656061343300736
15546,0.47852046964346523
15547,0.12131597576197549
15548,0.015824538017657753
15549,0.8099770652058791
15550,0.012250474074529207
15551,0.02793540718214061
15552,0.06692101476618154
15553,0.01911392120771772
15554,0.14039481612755714
15555,0.013944013560907872
15556,0.03788407010032434
15557,0.035204660202331726
15558,0.06331998036987337
15559,0.09112274979960609
15560,0.03547918329587502
15561,0.03258450483764534
15562,0.013944175575764176
15563,0.030913777966203093
15564,0.06312084824011335
15565,0.1089263118774931
15566,0.02420697226277635
15567,0.01761197636870624
15568,0.012064806335591004
15569,0.014111389869997918
15570,0.21620500936520168
15571,0.5788772227647373
15572,0.9552052544890834
15573,0.05567930058916019
15574,0.034383586458986024
15575,0.03311497844990655
15576,0.06348342230273782
15577,0.674720811847121
15578,0.6236829846148411
15579,0.3866618183061406
15580,0.021419549160119143
15581,0.09167815568833922
15582,0.051745730373895245
15583,0.019722515899276972
15584,0.049349533674901226
15585,0.8504281562822816
15586,0.030037004473926623
15587,0.012910177457308358
15588,0.07383494828295077
15589,0.029672073875428976
15590,0.015711476925783282
15591,0.054270785412141025
15592,0.07619118866133243
15593,0.9657568158585705
15594,0.7869128908376575
15595,0.014775776278543885
15596,0.8173965531218313
15597,0.7464558602776581
15598,0.2276180805630275
15599,0.14172881261533676
15600,0.7825557368668669
15601,0.5149267934886326
15602,0.013451965888672372
15603,0.008220025198786824
15604,0.17831710942208315
15605,0.08597396511770272
15606,0.006515348350482938
15607,0.05477221904194138
15608,0.015109932234743568
15609,0.012610373970887429
15610,0.7112452353557668
15611,0.007000542184885752
15612,0.16896090919595375
15613,0.20462783356965214
15614,0.04808397614106019
15615,0.17057475997161503
15616,0.014480108298879872
15617,0.916584834218261
15618,0.21338541750149265
15619,0.010863879747654338
15620,0.09915073407351015
15621,0.01999951661965978
15622,0.0212467877926184
15623,0.05344988686345663
15624,0.030400075697975978
15625,0.9706374178279794
15626,0.022845315145553276
15627,0.2661324366966955
15628,0.024131178519615094
15629,0.07156250717912196
15630,0.016181058296861485
15631,0.24784272458751166
15632,0.008800742463465136
15633,0.010975906104537138
15634,0.10187791164800576
15635,0.31028573916755936
15636,0.030508813079662554
15637,0.06557162643215855
15638,0.030447175389374515
15639,0.27129568628177064
15640,0.3504033565113379
15641,0.49549284625453993
15642,0.16699805619769167
15643,0.016922335904056222
15644,0.1487773783366074
15645,0.03531036823102721
15646,0.07660984585589364
15647,0.01847983841191029
15648,0.14923631141305993
15649,0.10187791164800576
15650,0.03837975901348702
15651,0.029199827519596388
15652,0.01520825108489449
15653,0.5620211803288232
15654,0.13148741483852142
15655,0.7914750542130822
15656,0.21972457372210594
15657,0.869931040586321
15658,0.020400628185025634
15659,0.031198315888516622
15660,0.02770526200540629
15661,0.11969539947982943
15662,0.02802269386525884
15663,0.03037962128342811
15664,0.03786316696589205
15665,0.1867554282675425
15666,0.04438704217921473
15667,0.0224064048460605
15668,0.02734246629861471
15669,0.13993380415142875
15670,0.38402131327424405
15671,0.029009175071378214
15672,0.012158710355053325
15673,0.13519145231146268
15674,0.19360134591597195
15675,0.5985432019193981
15676,0.04692695783603583
15677,0.7345067887984751
15678,0.12191708238448004
15679,0.010411027171563338
15680,0.07749625881397486
15681,0.012502232503130505
15682,0.012158710355053325
15683,0.0143774999458034
15684,0.01794363863473625
15685,0.020604356174148273
15686,0.795347751327686
15687,0.03189783309635103
15688,0.4981510511928107
15689,0.17118560594310886
15690,0.10243397082201307
15691,0.013355886925258683
15692,0.057159390503086244
15693,0.08218100271642649
15694,0.006973903773945748
15695,0.017007482369407315
15696,0.016398856655655554
15697,0.01394541102716601
15698,0.162484020213502
15699,0.010022898377729995
15700,0.012215736312627243
15701,0.22061945668067157
15702,0.02527855564800547
15703,0.196445825876021
15704,0.007626050079514782
15705,0.958452579258826
15706,0.0986823885156129
15707,0.04276152997040727
15708,0.6886483903130388
15709,0.009744851468818096
15710,0.8893053293880234
15711,0.16127357451801339
15712,0.012215736312627243
15713,0.01721898224413466
15714,0.0085683010459268
15715,0.7284699452941329
15716,0.054670097470921615
15717,0.038136613325956185
15718,0.0936680912640929
15719,0.8184074605173849
15720,0.3411429772025397
15721,0.08423394079514922
15722,0.009047929729829507
15723,0.015442693736172412
15724,0.042189407801013094
15725,0.03476609257895517
15726,0.03273950969231855
15727,0.01794363863473625
15728,0.015489397638433974
15729,0.8681346611326752
15730,0.08890606527406504
15731,0.01178797158914856
15732,0.9797808861918401
15733,0.4904663296474568
15734,0.059118692398786
15735,0.4093560998852936
15736,0.03857649747379698
15737,0.5691427507965706
15738,0.04438704217921473
15739,0.006913553176727161
15740,0.04257390979359023
15741,0.1249274861518199
15742,0.7211507516553493
15743,0.6161745056639147
15744,0.012995275044966966
15745,0.01156059305228897
15746,0.07334211186506753
15747,0.4898640552684196
15748,0.2084945553336554
15749,0.01337702100308614
15750,0.03989986523154644
15751,0.009100822523413921
15752,0.3129370568318129
15753,0.027229513650300255
15754,0.012332699774891978
15755,0.09589082876937906
15756,0.009100822523413921
15757,0.016813929269073043
15758,0.24700278128552894
15759,0.12622503206028493
15760,0.07644715244602664
15761,0.11973608786919163
15762,0.6456279216320046
15763,0.9317830392297074
15764,0.01137499536930988
15765,0.08049389952709537
15766,0.03297727849080756
15767,0.013387952004470521
15768,0.04312529023993986
15769,0.01854406752520607
15770,0.17626767804864418
15771,0.09092545316421168
15772,0.015584290140660824
15773,0.0486096431812998
15774,0.04710682759920008
15775,0.03338175519979042
15776,0.2052011898592906
15777,0.6807745850173017
15778,0.9496301393292458
15779,0.29767667056817
15780,0.6737484868716479
15781,0.016765384431884158
15782,0.047620762178385165
15783,0.0343628254994695
15784,0.03688888338789013
15785,0.050171261859367204
15786,0.03442427160844324
15787,0.009066396490894796
15788,0.494033340244709
15789,0.7598558695187693
15790,0.02024287601656327
15791,0.016863429690100115
15792,0.9173498517145804
15793,0.013387952004470521
15794,0.04148920030595965
15795,0.1885152720226718
15796,0.01615475529324479
15797,0.23409772410486465
15798,0.975585895233526
15799,0.015773795703179164
15800,0.31180503088257794
15801,0.7008874371997216
15802,0.47388313562888024
15803,0.08285202989100394
15804,0.010435304756741464
15805,0.1750189989418286
15806,0.026769631009137335
15807,0.655668764802639
15808,0.22367562842757782
15809,0.04213551999195008
15810,0.770338566812915
15811,0.27241784769713945
15812,0.14759491015668283
15813,0.014372876247179919
15814,0.03332069904662268
15815,0.03857649747379698
15816,0.17630584234511465
15817,0.04169524255247777
15818,0.058155564256049716
15819,0.032501195676896064
15820,0.03712181759700354
15821,0.7235529205226361
15822,0.11809180530071146
15823,0.11891467423300946
15824,0.02139688837379152
15825,0.009100822523413921
15826,0.023782041799510066
15827,0.06468878255714944
15828,0.009707864445659726
15829,0.15182045743503045
15830,0.9189497043587251
15831,0.05553185943029159
15832,0.026062744393185715
15833,0.5543393708084514
15834,0.035374359194250124
15835,0.00932337932427075
15836,0.007930623577228076
15837,0.4373774144664332
15838,0.008148490259118324
15839,0.009144691148889108
15840,0.012318872687516184
15841,0.0385748744198364
15842,0.05394244237533115
15843,0.14492147954361936
15844,0.11111790758980013
15845,0.511903908537267
15846,0.7272333045470865
15847,0.028992278970768767
15848,0.05757190356061972
15849,0.09523022788379487
15850,0.0032947654802950757
15851,0.04417743633537484
15852,0.03407195896684289
15853,0.06550076140192743
15854,0.010669051661285768
15855,0.1501650642790048
15856,0.1203477802294255
15857,0.09153120196489613
15858,0.018518565891318648
15859,0.5558403328724424
15860,0.01831809265201963
15861,0.3326268384029884
15862,0.04666953708363707
15863,0.033718093881117774
15864,0.9872795216906939
15865,0.23220851640984186
15866,0.02279678878489412
15867,0.12438958439764429
15868,0.01167300059271441
15869,0.021614902238521416
15870,0.010925829089866702
15871,0.01306824994017801
15872,0.063397884537676
15873,0.19025697862012025
15874,0.009826746637008757
15875,0.0586697850495006
15876,0.0069628319452300575
15877,0.013387952004470521
15878,0.20697790661268517
15879,0.7681086276613178
15880,0.022972726686076608
15881,0.038973475150562806
15882,0.051492034856266175
15883,0.1300404013360141
15884,0.05719576571525253
15885,0.021533334708118166
15886,0.42633150516662915
15887,0.03151520239488406
15888,0.19793614347505628
15889,0.06067516988682572
15890,0.028755870506077624
15891,0.9533013075577439
15892,0.0185436575151438
15893,0.1866689815772751
15894,0.009812343258710542
15895,0.028948560100596342
15896,0.2279085734423111
15897,0.8250123739739316
15898,0.05272489689167566
15899,0.0212467877926184
15900,0.33146100928944167
15901,0.45561747135565367
15902,0.00854093254277828
15903,0.5640928509822961
15904,0.009100822523413921
15905,0.029896821460881424
15906,0.054491833401297346
15907,0.21500997414688366
15908,0.07266177073743137
15909,0.1049962384072092
15910,0.029062829239069922
15911,0.1736711684121455
15912,0.022779186979535408
15913,0.015239495336076582
15914,0.12817212101754313
15915,0.0584023979043608
15916,0.04169524255247777
15917,0.020493970469043468
15918,0.01849506075429454
15919,0.13790989691049382
15920,0.3248899400249417
15921,0.1385181750840166
15922,0.024131178519615094
15923,0.01644455067877992
15924,0.8519770921244202
15925,0.02096765908504512
15926,0.02564418878961923
15927,0.8910161338974604
15928,0.05219813787602855
15929,0.7912194903975758
15930,0.9313203037486782
15931,0.21141058466335144
15932,0.05132970341548391
15933,0.68966731856239
15934,0.007652896275586684
15935,0.010241094652158517
15936,0.03360633989883657
15937,0.014370013776674906
15938,0.06853669474096237
15939,0.04246305047910191
15940,0.14112745615233804
15941,0.13552114516156263
15942,0.018089114357580906
15943,0.04862842597191639
15944,0.007930623577228076
15945,0.011442446825553305
15946,0.06327262590552117
15947,0.00765849991882714
15948,0.6060210541340522
15949,0.9064555723401758
15950,0.008408295055380483
15951,0.031585261579711574
15952,0.9696226709789039
15953,0.17049122755330148
15954,0.021476108678810037
15955,0.02956914537919124
15956,0.007807568681648036
15957,0.08203984762422782
15958,0.8594373091230677
15959,0.16296968884205107
15960,0.01895575738596164
15961,0.7365923841773448
15962,0.03357289217208111
15963,0.011442446825553305
15964,0.22658688401590507
15965,0.14229348153897306
15966,0.9621620277473018
15967,0.03402589582683009
15968,0.24589821134593332
15969,0.011442446825553305
15970,0.08781914513578779
15971,0.053908643535626494
15972,0.9611064636625551
15973,0.01851015462090305
15974,0.07991855042958074
15975,0.2192512868246751
15976,0.022774326188594672
15977,0.03483697153097383
15978,0.14563885770649285
15979,0.016867172676461054
15980,0.011700390187298864
15981,0.012215736312627243
15982,0.012158710355053325
15983,0.04674184134427169
15984,0.01938646605532798
15985,0.06623777501563491
15986,0.16986907834942644
15987,0.021904095025208525
15988,0.022414311322029343
15989,0.13498796187122966
15990,0.6153559332467806
15991,0.0065682123519357
15992,0.9644842391654519
15993,0.10497772301114036
15994,0.013027308451163025
15995,0.06669959517894353
15996,0.7559907975965309
15997,0.15829214375449166
15998,0.012564629221379837
15999,0.02447967627044568
16000,0.5774023899130494
16001,0.024663486906783265
16002,0.016813929269073043
16003,0.009540667136160665
16004,0.02436696609823385
16005,0.27614531565729233
16006,0.03912974412894908
16007,0.21672978672815785
16008,0.014056525219151763
16009,0.6415825431980932
16010,0.006601658159009412
16011,0.7913591164099792
16012,0.020151229205135696
16013,0.01222903705571355
16014,0.01749491165243916
16015,0.23924850684055793
16016,0.8259097257149355
16017,0.20565464809057557
16018,0.14036786905640647
16019,0.04656569378492615
16020,0.05098869791915272
16021,0.02301095740395636
16022,0.012634995740338545
16023,0.05338150270839442
16024,0.0808547709477575
16025,0.0115033287742891
16026,0.8183685765487736
16027,0.011716824334834161
16028,0.03682341992649199
16029,0.03238204985965401
16030,0.03193250215828531
16031,0.12602892432809698
16032,0.3937594173191917
16033,0.09557832635505562
16034,0.6835713833724297
16035,0.041322104638390554
16036,0.13575777627594243
16037,0.1338680860887788
16038,0.5090884726582973
16039,0.10076438987742956
16040,0.0669844458788016
16041,0.9725151169156175
16042,0.033349948025552044
16043,0.016296116269037226
16044,0.009451128201843967
16045,0.9510472677981722
16046,0.5274225929250151
16047,0.2110197625765181
16048,0.10950970357458738
16049,0.05172678638148188
16050,0.02945850781211762
16051,0.016813929269073043
16052,0.03749340222837231
16053,0.012158710355053325
16054,0.3454767238920238
16055,0.07146231689839062
16056,0.16474793782181185
16057,0.8568505788965823
16058,0.6572202512186684
16059,0.1647042149151881
16060,0.7400408479812657
16061,0.040811001253518595
16062,0.018317783097203454
16063,0.009100822523413921
16064,0.012215736312627243
16065,0.02664387676930038
16066,0.020803419710738097
16067,0.014865662284241198
16068,0.20476367226775988
16069,0.03864141028671642
16070,0.7461686500155711
16071,0.006169450976004397
16072,0.034180564719645055
16073,0.4710012689208163
16074,0.0212467877926184
16075,0.32726839935410684
16076,0.5558247767420357
16077,0.41304075077559993
16078,0.736248803740503
16079,0.5327417953981421
16080,0.023190795918470335
16081,0.025346484525218
16082,0.13910322072733433
16083,0.16420825608900588
16084,0.011664617112839048
16085,0.01399246984076379
16086,0.629317063317404
16087,0.01794363863473625
16088,0.011442446825553305
16089,0.008007526445857166
16090,0.9662585636814693
16091,0.18698011395164355
16092,0.03066737072965445
16093,0.0770094655840653
16094,0.4143766665209423
16095,0.3706712819588385
16096,0.025500279639258966
16097,0.30896224755667306
16098,0.10533974470736272
16099,0.2925400254063952
16100,0.007930623577228076
16101,0.029977810030794225
16102,0.06280755974769106
16103,0.058214282104474824
16104,0.006393843072751312
16105,0.8615352557871816
16106,0.06432919105260435
16107,0.032684362224994504
16108,0.9213130128406378
16109,0.24956962099775915
16110,0.0212467877926184
16111,0.45883461624957045
16112,0.04459643065490935
16113,0.10665892333794204
16114,0.00915781936697422
16115,0.8184559636864066
16116,0.010863879747654338
16117,0.012964667383720624
16118,0.01332231341551899
16119,0.5967677043091557
16120,0.009100822523413921
16121,0.01115847095550737
16122,0.02267112185398492
16123,0.011629524007111699
16124,0.037174512876168374
16125,0.010549634507929914
16126,0.08766100756159752
16127,0.0652585806305638
16128,0.06446221641474827
16129,0.086172516126619
16130,0.86159561813424
16131,0.026014858797435227
16132,0.5535925552324107
16133,0.9569058039476422
16134,0.3181024820667248
16135,0.06255754468179157
16136,0.020568068174331242
16137,0.03862053953796403
16138,0.007581232340264896
16139,0.012158710355053325
16140,0.008957028431589027
16141,0.19552813326333324
16142,0.021533334708118166
16143,0.03711015869115735
16144,0.004632985844029474
16145,0.07452695391054943
16146,0.04529630339013041
16147,0.15174713647965657
16148,0.23560501977099801
16149,0.9241975529413119
16150,0.09325897575418876
16151,0.06555785392884478
16152,0.5935095221670077
16153,0.4381750152949934
16154,0.009183003676864886
16155,0.23305778679954223
16156,0.011952072693805273
16157,0.21915390923585495
16158,0.2787346524690316
16159,0.3881648560930445
16160,0.30803212492007936
16161,0.3326268384029884
16162,0.013864235241950082
16163,0.009089421312981726
16164,0.681614505898561
16165,0.09274577139528847
16166,0.017919265393695812
16167,0.49675946397442694
16168,0.032554728637304
16169,0.06206029080499316
16170,0.026681254703036204
16171,0.15919799345866298
16172,0.05966076482293032
16173,0.5955901170003819
16174,0.06535321019964534
16175,0.02418080725820659
16176,0.0212467877926184
16177,0.3453718065439764
16178,0.015492171558895951
16179,0.19426670829760834
16180,0.012648941454012906
16181,0.01854406752520607
16182,0.05553665043951301
16183,0.011659955740633655
16184,0.01411271040049286
16185,0.051850134700405934
16186,0.734335569851797
16187,0.046093517500695416
16188,0.07191081024944285
16189,0.10693389817073391
16190,0.01167300059271441
16191,0.6337141705335706
16192,0.9217885338060193
16193,0.5580054844354717
16194,0.8809538827895389
16195,0.16966860339766596
16196,0.15798173941071925
16197,0.058155564256049716
16198,0.06101051330776919
16199,0.054757271339635274
16200,0.05538028311112536
16201,0.06591028676193035
16202,0.19237564262634405
16203,0.5501762239627469
16204,0.03268472674147895
16205,0.5326559254946817
16206,0.023013019288952597
16207,0.037756730040846107
16208,0.26792751316299657
16209,0.10743185525855656
16210,0.1816405177235804
16211,0.3761503456480488
16212,0.10850607412960026
16213,0.06729187600971734
16214,0.2812360754989919
16215,0.03228294499238362
16216,0.07518408295874408
16217,0.6433938515390055
16218,0.07324496154859145
16219,0.048753918537642944
16220,0.024572786164039358
16221,0.14172881261533676
16222,0.24975580453441837
16223,0.9544963631192025
16224,0.007930623577228076
16225,0.06521466485150436
16226,0.06718693238949867
16227,0.008549249756038761
16228,0.047608254260568646
16229,0.14196048379775872
16230,0.037900254852164215
16231,0.4119213059395071
16232,0.5165759629725318
16233,0.5582608940418538
16234,0.8868768577505621
16235,0.012024185501537867
16236,0.054729017698218536
16237,0.3551075708790714
16238,0.2505820110879879
16239,0.016698425030564904
16240,0.18002450985615692
16241,0.059417799453203815
16242,0.014219040886930382
16243,0.06929549889703006
16244,0.4491884221145039
16245,0.34879996552303116
16246,0.01688536814911641
16247,0.01036568847105871
16248,0.9136251938254597
16249,0.15343498596988484
16250,0.7631115469200043
16251,0.816085105486711
16252,0.016158098962096846
16253,0.016459807428679106
16254,0.009924025520639519
16255,0.07924045244689701
16256,0.03883067105189812
16257,0.025392529029765895
16258,0.055354444664813825
16259,0.06415274325451331
16260,0.010200899830024507
16261,0.09714859763282457
16262,0.03415207755821736
16263,0.09048825039820754
16264,0.010974597994238862
16265,0.015198423582696078
16266,0.7693853598286354
16267,0.016205633361317494
16268,0.068474598942026
16269,0.04511547903606907
16270,0.18955465828372595
16271,0.017867256450442383
16272,0.14924231332850654
16273,0.054537047951144155
16274,0.13148583046870677
16275,0.03512057862322086
16276,0.19115433481604316
16277,0.9558112061663716
16278,0.03483697153097383
16279,0.23668728797215347
16280,0.009899103037637157
16281,0.5760132177667323
16282,0.03912974412894908
16283,0.011248565796424399
16284,0.19432525714801258
16285,0.0669523486300709
16286,0.019038580143245516
16287,0.04592582699870346
16288,0.2661324366966955
16289,0.031980919749485685
16290,0.009100822523413921
16291,0.01167300059271441
16292,0.7438412921902836
16293,0.7455504111005945
16294,0.03571006785658047
16295,0.19763153447640644
16296,0.08214275226165807
16297,0.805238660356574
16298,0.043740363901509705
16299,0.7653589371853229
16300,0.07635010659021348
16301,0.2780591891835228
16302,0.5892566392300974
16303,0.033584540084219426
16304,0.014191312258687784
16305,0.17655873603983907
16306,0.12570116529604458
16307,0.8277551436973052
16308,0.011442446825553305
16309,0.939177903762894
16310,0.11087074974637735
16311,0.0514355539807574
16312,0.755134334036873
16313,0.9438743941885105
16314,0.007641210997423259
16315,0.7178784318335875
16316,0.8289184552645287
16317,0.02119412691588511
16318,0.02484963663458743
16319,0.5621382126652693
16320,0.32722843120653206
16321,0.015050422121822489
16322,0.16621319929105444
16323,0.011706344474260976
16324,0.011226328499478464
16325,0.08349389956907902
16326,0.1674080194984455
16327,0.035861876317625434
16328,0.5023857968359138
16329,0.0773672461426568
16330,0.09671819932277831
16331,0.006307583816244054
16332,0.07803235723361818
16333,0.011511946313259634
16334,0.03483697153097383
16335,0.05861664710760247
16336,0.15491417389270654
16337,0.01192425953841983
16338,0.023028826584399063
16339,0.01888710071162197
16340,0.017189208769048878
16341,0.5684242701976555
16342,0.01569428566712804
16343,0.21287441995550943
16344,0.024759598173251948
16345,0.021533334708118166
16346,0.9188154445410464
16347,0.02454883897962673
16348,0.017107468558987184
16349,0.35803512178338515
16350,0.029977810030794225
16351,0.05193267355576132
16352,0.015237097261309463
16353,0.01854406752520607
16354,0.07891321048440474
16355,0.7455892279397663
16356,0.9603051616255565
16357,0.9405803842924912
16358,0.015492171558895951
16359,0.09173550482701932
16360,0.012215736312627243
16361,0.8287302491787332
16362,0.0618951928781243
16363,0.010765671683605826
16364,0.022972726686076608
16365,0.38428164780745994
16366,0.6317007240432367
16367,0.0322131559077084
16368,0.8124762400156775
16369,0.1733258582147835
16370,0.2938497306734236
16371,0.03459042155807715
16372,0.01167300059271441
16373,0.11442331448367589
16374,0.16168752506199188
16375,0.012569995735593717
16376,0.09779425531471392
16377,0.41112062503424207
16378,0.012215736312627243
16379,0.7537038041822496
16380,0.36217015405503644
16381,0.11824189439745611
16382,0.022076467226640105
16383,0.008691752604274216
16384,0.06467380566859297
16385,0.0648262691024312
16386,0.7425476683935064
16387,0.011280953603381022
16388,0.01781041403434296
16389,0.9293853139317821
16390,0.1289735198854655
16391,0.20565464809057557
16392,0.017810037021236468
16393,0.007641210997423259
16394,0.009037313817603731
16395,0.02532559000973095
16396,0.35282423163609883
16397,0.06210227400819047
16398,0.6463227793943166
16399,0.012158710355053325
16400,0.1338680860887788
16401,0.027447615287059853
16402,0.8655505290975329
16403,0.01102630152754254
16404,0.00741413849059793
16405,0.02458647272230036
16406,0.5692373358629071
16407,0.8471578586988499
16408,0.40134642546852617
16409,0.22147831868169465
16410,0.06152391232869918
16411,0.008735506806284498
16412,0.958405484888283
16413,0.9823318624140994
16414,0.04464508263438082
16415,0.014358540440118275
16416,0.012215736312627243
16417,0.054491833401297346
16418,0.012215736312627243
16419,0.05456778742388969
16420,0.2875274164666482
16421,0.02670863665526028
16422,0.030561710205682793
16423,0.6129122035710491
16424,0.01192425953841983
16425,0.09617249813235061
16426,0.04053894106579505
16427,0.007930623577228076
16428,0.039250190775089476
16429,0.9163665416488743
16430,0.009513626517993388
16431,0.05074003390997498
16432,0.20565464809057557
16433,0.1899608766239218
16434,0.6076188060742634
16435,0.011049475614410364
16436,0.011442446825553305
16437,0.011999528442691866
16438,0.04702789230938443
16439,0.07619510919389966
16440,0.009100822523413921
16441,0.01664960787311531
16442,0.09143781410499621
16443,0.07571171009193005
16444,0.2649630420509117
16445,0.08678275099700215
16446,0.04770734268669192
16447,0.09176316397775303
16448,0.04622801030604795
16449,0.011716824334834161
16450,0.016813929269073043
16451,0.02885114419698554
16452,0.7248235246893062
16453,0.08518464111490098
16454,0.24602447293326604
16455,0.08432283915975279
16456,0.03437046741879215
16457,0.32310997096977706
16458,0.0386168739218286
16459,0.008548453252116417
16460,0.017183925874289914
16461,0.07991445438776887
16462,0.02538438319259871
16463,0.8585880796048697
16464,0.018205725715989877
16465,0.016417308536254588
16466,0.08939890330627619
16467,0.011911362018046146
16468,0.3273162729167142
16469,0.012215736312627243
16470,0.026006655163875635
16471,0.40806838979797144
16472,0.029032706970644605
16473,0.043740363901509705
16474,0.007883193544050844
16475,0.8877046320590768
16476,0.8955224073900074
16477,0.013944013560907872
16478,0.014843243953463968
16479,0.017663054085647244
16480,0.021533334708118166
16481,0.019796953926976325
16482,0.005031411878533913
16483,0.6364732567226746
16484,0.10187791164800576
16485,0.015884400918005886
16486,0.02505448733548208
16487,0.03251404187507378
16488,0.014654000806321602
16489,0.9238922262038473
16490,0.08018485648177962
16491,0.013387952004470521
16492,0.5508527046712298
16493,0.041045339468759406
16494,0.49960499972180183
16495,0.10651692664539078
16496,0.01622176654743002
16497,0.06053930852257687
16498,0.2387285418841965
16499,0.04932506558463111
16500,0.04947819247104164
16501,0.019977186960335236
16502,0.23531591917407635
16503,0.03238204985965401
16504,0.023190795918470335
16505,0.012739095842544004
16506,0.06348342230273782
16507,0.01400268187803766
16508,0.15558008224377143
16509,0.03580629778327702
16510,0.9709099778948169
16511,0.07240899683821271
16512,0.020306625517113642
16513,0.022600440163937273
16514,0.2559072403022936
16515,0.03163181269230762
16516,0.008007526445857166
16517,0.3357729757144973
16518,0.10953407253011076
16519,0.009566601534916319
16520,0.023709294401068542
16521,0.018845647750775525
16522,0.04035706345078134
16523,0.5541890035001849
16524,0.08721821077677147
16525,0.3512917870702508
16526,0.054776034075341345
16527,0.006286846026783171
16528,0.8456072449036606
16529,0.31471652645473713
16530,0.013879158561980982
16531,0.009041484057969023
16532,0.7914063419770708
16533,0.0177722309808996
16534,0.07383295056160531
16535,0.05119718085425649
16536,0.02249466559124109
16537,0.008715165157577196
16538,0.03134136979973031
16539,0.3337682993349934
16540,0.3326268384029884
16541,0.01070860200934379
16542,0.027352203957235095
16543,0.3433131996274677
16544,0.3914064297961774
16545,0.19360134591597195
16546,0.020131083978176974
16547,0.14520078885775775
16548,0.6323231692792823
16549,0.031585261579711574
16550,0.11945595561207407
16551,0.02745403811796043
16552,0.04432980834506199
16553,0.03267907073241578
16554,0.04012803799810987
16555,0.03712181759700354
16556,0.42698389993324887
16557,0.8927093795041138
16558,0.054781369216573346
16559,0.047853740124233976
16560,0.06654557921084658
16561,0.050425191890971506
16562,0.040610502703093306
16563,0.047319932629046255
16564,0.19245557195436894
16565,0.9726614634406214
16566,0.37548852152395507
16567,0.3925264244976262
16568,0.4697579113091874
16569,0.015314250326975512
16570,0.20375282553350624
16571,0.15482241461190507
16572,0.0171213620068734
16573,0.0045768175406074646
16574,0.7666109557180564
16575,0.01102630152754254
16576,0.029785039734236372
16577,0.03383978168996388
16578,0.008198989270867839
16579,0.06600438693381727
16580,0.00963661971120913
16581,0.02071357941537693
16582,0.4608731747446139
16583,0.015923623622073935
16584,0.010973824923764029
16585,0.01249126673311532
16586,0.847484654034679
16587,0.19915797441475794
16588,0.9080222400092677
16589,0.009095705823773958
16590,0.7408889150702147
16591,0.01624579360794073
16592,0.9623104454624043
16593,0.10686627531918298
16594,0.7700342302899597
16595,0.03273950969231855
16596,0.016813929269073043
16597,0.5191040524099066
16598,0.5226005158168083
16599,0.03162032882657277
16600,0.7358546325425148
16601,0.008348984845254117
16602,0.37596071122426794
16603,0.007930623577228076
16604,0.07134905518087856
16605,0.04169524255247777
16606,0.06761909118982576
16607,0.0763184881944694
16608,0.899725583346012
16609,0.9523502063585316
16610,0.3785754559487594
16611,0.02614836298705808
16612,0.006669174811464496
16613,0.01120109032511901
16614,0.47888567384404784
16615,0.01794363863473625
16616,0.06680962022731197
16617,0.026543299495303714
16618,0.01537048096737309
16619,0.07688571955348267
16620,0.033673449072778736
16621,0.6334596088080706
16622,0.5431837164328482
16623,0.07134905518087856
16624,0.39442169981378694
16625,0.03213472058430535
16626,0.009718395735199703
16627,0.0462532742034427
16628,0.01781795873577794
16629,0.02609527799883198
16630,0.036683358169323055
16631,0.7443818986497844
16632,0.056294524239199825
16633,0.36704853379298136
16634,0.013577945998109135
16635,0.8262283534148874
16636,0.056583805845240163
16637,0.018311257467436302
16638,0.11169587728593763
16639,0.05098869791915272
16640,0.5529157245518931
16641,0.016647790119933555
16642,0.02193967221956288
16643,0.043755537657010936
16644,0.05186542712984999
16645,0.12306459641292405
16646,0.028987496853237926
16647,0.04359710697664478
16648,0.0139046109619868
16649,0.3010205901957012
16650,0.009513626517993388
16651,0.0076534968837195004
16652,0.074688170082668
16653,0.007930623577228076
16654,0.012838870657388549
16655,0.007050858127539767
16656,0.64703863138802
16657,0.29888741495669185
16658,0.007434140747214812
16659,0.040131541091459715
16660,0.8615352557871816
16661,0.32289476153358254
16662,0.015011396549635632
16663,0.015981062271528606
16664,0.007394685469652035
16665,0.06342932575305472
16666,0.03156605808366362
16667,0.033344239057214696
16668,0.5749510646102028
16669,0.0052071544630155776
16670,0.017692319471508868
16671,0.007926280389771721
16672,0.32439628270215215
16673,0.8838203298233139
16674,0.011442446825553305
16675,0.1381504474909998
16676,0.017914612487622827
16677,0.006753790453828643
16678,0.014984587329273363
16679,0.010013279161627727
16680,0.012158710355053325
16681,0.031585261579711574
16682,0.3362533475168944
16683,0.047497657411391066
16684,0.012648941454012906
16685,0.04881252335046482
16686,0.7683359502098891
16687,0.019909888985832517
16688,0.3163208305397723
16689,0.11187027002381766
16690,0.9192801054797667
16691,0.10091593181836701
16692,0.01167300059271441
16693,0.12413874666727671
16694,0.016205633361317494
16695,0.012470645356829322
16696,0.007832974942307717
16697,0.026950968081736786
16698,0.006834058485157348
16699,0.019288638175944364
16700,0.06232417329338138
16701,0.8815949965505684
16702,0.00790997632656171
16703,0.031068383585324925
16704,0.021269909886028324
16705,0.08729392016717627
16706,0.02189860880927352
16707,0.44922745998588115
16708,0.0204095757412797
16709,0.010427936090066443
16710,0.06174940552783599
16711,0.6712368719740359
16712,0.04833977984508973
16713,0.7378525901474606
16714,0.0334139892956243
16715,0.440506518565359
16716,0.03378451314486674
16717,0.07334211186506753
16718,0.6500105086134846
16719,0.7188883510565035
16720,0.011396866737560154
16721,0.42976774572315146
16722,0.06118271958831034
16723,0.017585915327074955
16724,0.035622279836173804
16725,0.00952552683794377
16726,0.01567755236058623
16727,0.7358490436890522
16728,0.41626562409199586
16729,0.04567176613331023
16730,0.02139688837379152
16731,0.014287962917374367
16732,0.7742290431397386
16733,0.032553745403384036
16734,0.02650906629736801
16735,0.0840506233524711
16736,0.8348885878759464
16737,0.042428826758079345
16738,0.020156412933380274
16739,0.8559303616840308
16740,0.011071864885133852
16741,0.028558088811309425
16742,0.6710151707021232
16743,0.035281652082409416
16744,0.09604149164537835
16745,0.005313624358804369
16746,0.010730887267582385
16747,0.010025731584797165
16748,0.15517118468069108
16749,0.0212467877926184
16750,0.00980841424744293
16751,0.04823812962213456
16752,0.10321630984738385
16753,0.00770726249261993
16754,0.0528170728884291
16755,0.022414311322029343
16756,0.03338738472806159
16757,0.0133804575257921
16758,0.007796652561434335
16759,0.09824027817658917
16760,0.010925829089866702
16761,0.020185272157836612
16762,0.01927028464360682
16763,0.10474624175901985
16764,0.793502198041748
16765,0.038071957211152294
16766,0.05588735450716063
16767,0.034820123295357545
16768,0.14978870761662866
16769,0.04647730433058487
16770,0.4428782717933446
16771,0.0320562511399153
16772,0.3767770568512851
16773,0.009100822523413921
16774,0.011442446825553305
16775,0.019525758303782424
16776,0.04104248440314051
16777,0.29274724855178963
16778,0.16025379475539545
16779,0.020011479877475768
16780,0.26082762149659017
16781,0.15932318415437008
16782,0.5750499914072524
16783,0.008715070399014119
16784,0.09643828524223971
16785,0.011884566503392615
16786,0.04280552477762092
16787,0.017648429022397463
16788,0.034219116504001015
16789,0.7365923841773448
16790,0.09962206512034816
16791,0.013387952004470521
16792,0.11150732814574411
16793,0.02620336675423381
16794,0.0512624815958973
16795,0.5455754726137245
16796,0.0334139892956243
16797,0.03830439564116437
16798,0.1211546263802178
16799,0.02243453644995888
16800,0.05945764046739486
16801,0.07254956165094578
16802,0.07166623935507935
16803,0.007715329271974153
16804,0.12679004976652644
16805,0.009100822523413921
16806,0.006597904018733101
16807,0.3145205061861301
16808,0.007767053448927323
16809,0.009062985744865339
16810,0.026501887783553175
16811,0.010934293013209162
16812,0.14385246291649303
16813,0.04963567898310356
16814,0.056583805845240163
16815,0.09844849719026785
16816,0.029977810030794225
16817,0.039021508283012186
16818,0.8436097000386682
16819,0.9694337892252487
16820,0.17875202767793355
16821,0.9107492648946125
16822,0.01120109032511901
16823,0.012215736312627243
16824,0.8700362048440181
16825,0.026138401305964436
16826,0.027726018996212173
16827,0.009100822523413921
16828,0.0055227443646446
16829,0.8246637594267194
16830,0.2588563478551423
16831,0.9586602221794519
16832,0.7951029904453767
16833,0.9136962975943719
16834,0.020527511101421047
16835,0.04149304236107406
16836,0.128852707693509
16837,0.16382421737718725
16838,0.13671958430176454
16839,0.37926573190824703
16840,0.9633631989993905
16841,0.023949485346967465
16842,0.3620444159028071
16843,0.20609304398919143
16844,0.9251135021608599
16845,0.035916542627699305
16846,0.9107298985172819
16847,0.5608499304646953
16848,0.7121595769028856
16849,0.06545178863149026
16850,0.9527721004749966
16851,0.03267907073241578
16852,0.004134838309796303
16853,0.5018690594515616
16854,0.40176718832532465
16855,0.0212467877926184
16856,0.48838931009112097
16857,0.6017831166982425
16858,0.7510598223996153
16859,0.01903075255986235
16860,0.10038512337207285
16861,0.009328622969521064
16862,0.01794363863473625
16863,0.026006038314084445
16864,0.08173943815954535
16865,0.03063870327011791
16866,0.03483697153097383
16867,0.01794363863473625
16868,0.26247777057720806
16869,0.008803288378708304
16870,0.22651106531084986
16871,0.4153866569299711
16872,0.03483697153097383
16873,0.0162121191116808
16874,0.030275614589419252
16875,0.8660980974983734
16876,0.013944013560907872
16877,0.01266141423241016
16878,0.026001023236737423
16879,0.016761173975057275
16880,0.06386845274368291
16881,0.058214282104474824
16882,0.031461686824506584
16883,0.21582516883865566
16884,0.0706249201573882
16885,0.019451478032811692
16886,0.012123974871183966
16887,0.2747876017798234
16888,0.008539459422960055
16889,0.06863353169731429
16890,0.30803212492007936
16891,0.013944013560907872
16892,0.04859720736689641
16893,0.11037855586169375
16894,0.038727941315909925
16895,0.15805151307241225
16896,0.2840969583779328
16897,0.021900069389350796
16898,0.15129473275504338
16899,0.026804933646517023
16900,0.01794363863473625
16901,0.016486207072924107
16902,0.9518777117760815
16903,0.022797231403440154
16904,0.5748309378340761
16905,0.009901304235318332
16906,0.0843838483230315
16907,0.018416849914895648
16908,0.02827207266192588
16909,0.0071438857342975455
16910,0.02056445665872945
16911,0.03348850917310273
16912,0.012215736312627243
16913,0.01167300059271441
16914,0.0063564586019655926
16915,0.21184285060091615
16916,0.01559513861771368
16917,0.12958313668704066
16918,0.7000845875094742
16919,0.0246110557830845
16920,0.03112004410699524
16921,0.14907778534310992
16922,0.04110591638172754
16923,0.1480116663311435
16924,0.04419697455294512
16925,0.08008442532729072
16926,0.04963567140041598
16927,0.04920038045980476
16928,0.6294312032797803
16929,0.6992966616984255
16930,0.009568438801337373
16931,0.8255275613750703
16932,0.33462206847997544
16933,0.015986529792168247
16934,0.02314371483788484
16935,0.03267907073241578
16936,0.7939751668417971
16937,0.03762557913583928
16938,0.01167300059271441
16939,0.043296257524221025
16940,0.2661324366966955
16941,0.0380462375799882
16942,0.11821008123647031
16943,0.9582475960031754
16944,0.03442427160844324
16945,0.017884258255301384
16946,0.06725976444504782
16947,0.09092545316421168
16948,0.03603907907768623
16949,0.9713820581072291
16950,0.20601478268228823
16951,0.9611065541813435
16952,0.021329547299791387
16953,0.03437046741879215
16954,0.04467686140576565
16955,0.03500007966025816
16956,0.27872502862301096
16957,0.2835333431913616
16958,0.04082159061049879
16959,0.02389563936367827
16960,0.09212623129341718
16961,0.022899020986927726
16962,0.016813929269073043
16963,0.03343141410134716
16964,0.01794363863473625
16965,0.01833108617307516
16966,0.9640580929543181
16967,0.31539848615929483
16968,0.9331351661336142
16969,0.005304133743415563
16970,0.010858337488941779
16971,0.6011508393287559
16972,0.8982292783968034
16973,0.5714196173358428
16974,0.09208553796523372
16975,0.007270502586059058
16976,0.02890445549447004
16977,0.06465526544806122
16978,0.3918729476128305
16979,0.012219347730511636
16980,0.6889744888917689
16981,0.7914726918462919
16982,0.826396142318247
16983,0.9679421062307099
16984,0.03547918329587502
16985,0.022354833669441798
16986,0.00991258980095101
16987,0.013250408394529645
16988,0.009744851468818096
16989,0.38708195022941044
16990,0.009614041862748945
16991,0.022076467226640105
16992,0.33893263541254903
16993,0.009568438801337373
16994,0.10950472272947116
16995,0.020902127898703993
16996,0.012973350417287335
16997,0.0334139892956243
16998,0.7488746195902365
16999,0.022414311322029343
17000,0.013387952004470521
17001,0.012158710355053325
17002,0.04132120214258827
17003,0.5709328847493605
17004,0.11917665184392036
17005,0.23779936297176485
17006,0.14990463918875346
17007,0.3181024820667248
17008,0.03483697153097383
17009,0.7649658960389744
17010,0.08495833686577291
17011,0.10002440367792068
17012,0.01549883105766067
17013,0.010693653354626614
17014,0.6881245538339519
17015,0.6890742133845905
17016,0.025712269455457504
17017,0.13423026604778715
17018,0.01454525926044991
17019,0.00841999742236044
17020,0.016528886276841074
17021,0.04511661545421776
17022,0.07088485210102537
17023,0.9193810523725977
17024,0.026675451621699972
17025,0.01700174522650437
17026,0.009566601534916319
17027,0.013422066777120682
17028,0.7530289663543239
17029,0.04202067785769121
17030,0.006332499494780452
17031,0.012602523260354501
17032,0.7161623591026933
17033,0.12369545843316285
17034,0.035916542627699305
17035,0.03457850939945086
17036,0.009325177799139092
17037,0.01472306390703747
17038,0.029977810030794225
17039,0.03484332623980564
17040,0.028995916399555285
17041,0.010028042213573896
17042,0.956231384214939
17043,0.10204315048365552
17044,0.022414311322029343
17045,0.06618152908025032
17046,0.6294422603834126
17047,0.01171943545064099
17048,0.13231530006114817
17049,0.028050197797346757
17050,0.06901653317689979
17051,0.8200274904645648
17052,0.184894233139912
17053,0.9192698689530743
17054,0.04897069526200936
17055,0.024534007606083742
17056,0.029131222752571167
17057,0.018578940788432426
17058,0.01637615089872954
17059,0.017914612487622827
17060,0.29936798934832576
17061,0.9375476287294835
17062,0.007602828159768728
17063,0.055701214726294815
17064,0.2897008909165415
17065,0.03483697153097383
17066,0.7442812046015679
17067,0.6161745056639147
17068,0.466353937463967
17069,0.29676157654273555
17070,0.23578641957554153
17071,0.849572294683839
17072,0.007832749971019147
17073,0.02314371483788484
17074,0.22105044019534392
17075,0.052586229481374896
17076,0.018031980047912455
17077,0.6032419320647732
17078,0.23259703458785344
17079,0.21184285060091615
17080,0.24137765319512924
17081,0.014361380054752706
17082,0.032333901154576815
17083,0.0494109975046429
17084,0.24564498412166122
17085,0.9610953428574706
17086,0.09225924605629192
17087,0.12204733105062335
17088,0.01426464547695881
17089,0.022972726686076608
17090,0.013034399024253128
17091,0.016511129270695087
17092,0.11999925204973594
17093,0.031074912884643403
17094,0.03042926839741504
17095,0.6610434739416926
17096,0.4350825285393655
17097,0.3075250473599138
17098,0.022268799949930203
17099,0.012542774118614238
17100,0.5852230988432222
17101,0.055759065301496
17102,0.6195759598619115
17103,0.04038200758437546
17104,0.040610502703093306
17105,0.22921892472741526
17106,0.044887620206130976
17107,0.2603593736451326
17108,0.09702573648123526
17109,0.03547918329587502
17110,0.016338002964355846
17111,0.019509070560428523
17112,0.19476060810613066
17113,0.02851599328629613
17114,0.024394401647910922
17115,0.3163208305397723
17116,0.27597791154453455
17117,0.022122198002917592
17118,0.6606028649558929
17119,0.05185705474063281
17120,0.09186662835806884
17121,0.016000077291626075
17122,0.6790206495587644
17123,0.15888840493875966
17124,0.9623569131168992
17125,0.018562193481530553
17126,0.1048469740750557
17127,0.0447798585960944
17128,0.8998960552818337
17129,0.03632691388732964
17130,0.24069369023376258
17131,0.06039664870769832
17132,0.2926272062093853
17133,0.0876203935786257
17134,0.061149966151684304
17135,0.1740539537528162
17136,0.03875774358505596
17137,0.01982747025656738
17138,0.9714813046926182
17139,0.18859195682328997
17140,0.022782251804447862
17141,0.26406505332814256
17142,0.10404582541364689
17143,0.3540969707236016
17144,0.006343041152803894
17145,0.027770043627709372
17146,0.3259879451111718
17147,0.11325660435224838
17148,0.06864414821568798
17149,0.05236348084171174
17150,0.033673449072778736
17151,0.2387285418841965
17152,0.036714672292080426
17153,0.016813929269073043
17154,0.041831976344519586
17155,0.029295684608924632
17156,0.21204911286529668
17157,0.020081755608288215
17158,0.0974260906349491
17159,0.0948442580833657
17160,0.07936248227530472
17161,0.6186975766984556
17162,0.01794363863473625
17163,0.7323017549232405
17164,0.011248565796424399
17165,0.009356516005975963
17166,0.11589156666491468
17167,0.04955039928828527
17168,0.03459507329135172
17169,0.7159961564101501
17170,0.016813929269073043
17171,0.013387952004470521
17172,0.09517676743161727
17173,0.07273324970384959
17174,0.05884527381963049
17175,0.4984812082655096
17176,0.2015981465353422
17177,0.28605919086936527
17178,0.06060594605388085
17179,0.5377860736240114
17180,0.03891575858567099
17181,0.22969652955328732
17182,0.06570124380114369
17183,0.10743185525855656
17184,0.17880582109643908
17185,0.014287962917374367
17186,0.010151571796829979
17187,0.02114455149113949
17188,0.5854260003291564
17189,0.02193825824650953
17190,0.2503952298679894
17191,0.04702789230938443
17192,0.009566601534916319
17193,0.007930623577228076
17194,0.01117418764200817
17195,0.030900816409805795
17196,0.032876918777240714
17197,0.01167300059271441
17198,0.22310285185500336
17199,0.968916110753694
17200,0.06875526108080394
17201,0.21201642826329178
17202,0.15312933758557262
17203,0.09907666292385131
17204,0.7761585519673732
17205,0.025500279639258966
17206,0.04500403720863907
17207,0.20890354027726005
17208,0.014059383322356152
17209,0.03611698370925919
17210,0.03144126714845338
17211,0.0148014328335341
17212,0.04293838066480836
17213,0.15796243278902203
17214,0.13790495606030626
17215,0.9283969767115754
17216,0.009943575882306498
17217,0.6398340013523641
17218,0.07403750693670949
17219,0.05169144593216665
17220,0.00955737717951336
17221,0.016273746015991585
17222,0.15683987409298283
17223,0.022459205594988173
17224,0.08266913714888412
17225,0.9189990793194258
17226,0.033673449072778736
17227,0.011450624215032524
17228,0.05272489689167566
17229,0.567700124650559
17230,0.06311918203064436
17231,0.012568374166542946
17232,0.03360633989883657
17233,0.05100247959658203
17234,0.021614902238521416
17235,0.10180177505893188
17236,0.011442446825553305
17237,0.024606049292943764
17238,0.26423024158242864
17239,0.0711402198878402
17240,0.006996420622135776
17241,0.0057297189894887565
17242,0.021665023220595252
17243,0.09316644978570081
17244,0.32696834249239665
17245,0.03793336992802762
17246,0.01776159428151851
17247,0.007065039012829561
17248,0.014066436880733432
17249,0.03912974412894908
17250,0.7229226858213592
17251,0.458388988940059
17252,0.057072001549444445
17253,0.4215832535795755
17254,0.11589156666491468
17255,0.010804204991299245
17256,0.02109645850869554
17257,0.8763899158646368
17258,0.37789277586811665
17259,0.9190671491663965
17260,0.26532145034705673
17261,0.06947216175159515
17262,0.1942010775628179
17263,0.017557853420860366
17264,0.5691427507965706
17265,0.013177332571867763
17266,0.008376347014703288
17267,0.037489819705902164
17268,0.1777662841548281
17269,0.21062439833788757
17270,0.01665733174770777
17271,0.08008442532729072
17272,0.4165463028629805
17273,0.8827688361464301
17274,0.016173756734296843
17275,0.14105253450519106
17276,0.15174713647965657
17277,0.038781246458311255
17278,0.015742579315346526
17279,0.8616815651317253
17280,0.0369243138547027
17281,0.021119024016822575
17282,0.07581007308364446
17283,0.7083373731255276
17284,0.05183406966754055
17285,0.06276909856823404
17286,0.04113407246335248
17287,0.5659122050939893
17288,0.008007526445857166
17289,0.18816519933347592
17290,0.007930623577228076
17291,0.011716824334834161
17292,0.15275314743409157
17293,0.5739116260786433
17294,0.7455892279397663
17295,0.04589777992976703
17296,0.008646015702699208
17297,0.08999190872107705
17298,0.03365773017457989
17299,0.15932318415437008
17300,0.06578305051479186
17301,0.7693853598286354
17302,0.032390766634623695
17303,0.17497859614799985
17304,0.06907559809979166
17305,0.011226328499478464
17306,0.14734492963500267
17307,0.040033543792860234
17308,0.012158710355053325
17309,0.9551413724494789
17310,0.18992981526773633
17311,0.07923553694139546
17312,0.8239190919481971
17313,0.7512292914332578
17314,0.043130547040264124
17315,0.3641246727766672
17316,0.10044332458860383
17317,0.008031549749053268
17318,0.03134136979973031
17319,0.03151520239488406
17320,0.9490615178938563
17321,0.24646428877545876
17322,0.036757325771059876
17323,0.9007106182139644
17324,0.01586275994357135
17325,0.011858287291619614
17326,0.0782722260850608
17327,0.01167300059271441
17328,0.5973758797791053
17329,0.010794017569510933
17330,0.013387952004470521
17331,0.11863517153658941
17332,0.14816610729030016
17333,0.13790901404085906
17334,0.3192787570332133
17335,0.0577113553401039
17336,0.10860477833999926
17337,0.22421233232940593
17338,0.021533334708118166
17339,0.05916780364000009
17340,0.06712501413082508
17341,0.22136744664034605
17342,0.5070731929428431
17343,0.013387952004470521
17344,0.9420333343077493
17345,0.23869042729968493
17346,0.18930618971184107
17347,0.8212750557625972
17348,0.5795244610278041
17349,0.011442446825553305
17350,0.0212467877926184
17351,0.038863742155645545
17352,0.0373489631656971
17353,0.010830045247805592
17354,0.1576364987699863
17355,0.1754517931220815
17356,0.8348471304189462
17357,0.03483697153097383
17358,0.007652896275586684
17359,0.18171872116148716
17360,0.11381608693045019
17361,0.1331477278190043
17362,0.19360134591597195
17363,0.976605991770484
17364,0.03483697153097383
17365,0.03186937509676523
17366,0.015938563207927765
17367,0.044705637047498366
17368,0.014009109424385251
17369,0.01758884169595818
17370,0.01096722402890199
17371,0.9764530531287441
17372,0.03570174675531941
17373,0.006065016154952082
17374,0.004822219231771589
17375,0.01649209860611002
17376,0.6585832709915236
17377,0.722592805686588
17378,0.06966988268015294
17379,0.9625781982005612
17380,0.01794363863473625
17381,0.016264924727572422
17382,0.009259500529141066
17383,0.05096329380274589
17384,0.008882574695554509
17385,0.5995823110456902
17386,0.01407246880498894
17387,0.2051582785774415
17388,0.21602622277105954
17389,0.012215736312627243
17390,0.7006700939667877
17391,0.7843916229186151
17392,0.12513542473682873
17393,0.15097564138918157
17394,0.8379425716357647
17395,0.16039697930977243
17396,0.19019068610257814
17397,0.09014521641213398
17398,0.933812726078592
17399,0.03440049435701215
17400,0.038620268244195025
17401,0.015450627015889166
17402,0.03547918329587502
17403,0.6664984032002081
17404,0.0751291405997579
17405,0.6752762741602827
17406,0.01513247930259887
17407,0.012158710355053325
17408,0.6919095810446056
17409,0.04026869478124998
17410,0.048016870785569044
17411,0.019440719431935767
17412,0.2023233943310156
17413,0.07543304516530945
17414,0.07038324055858487
17415,0.20527756464899719
17416,0.009744851468818096
17417,0.03019110580785762
17418,0.6061475726704828
17419,0.18265820373056763
17420,0.02330564207824782
17421,0.8270050354190769
17422,0.04604153153660835
17423,0.01781041403434296
17424,0.44410310080961735
17425,0.013387952004470521
17426,0.10811454769514119
17427,0.013418451528241948
17428,0.01948555826126749
17429,0.12472926150527253
17430,0.043027348162287066
17431,0.061951201470041066
17432,0.09059012825947188
17433,0.9279759136445795
17434,0.04801599296488442
17435,0.02636762128511485
17436,0.8659445659184154
17437,0.8976519131244817
17438,0.07991445438776887
17439,0.004689170049356169
17440,0.07230205586840893
17441,0.011442446825553305
17442,0.011248565796424399
17443,0.1313308776768905
17444,0.015609834095252653
17445,0.011716824334834161
17446,0.9250439918084576
17447,0.012627045870746026
17448,0.025500279639258966
17449,0.7648886571657121
17450,0.022972726686076608
17451,0.017011398868434544
17452,0.04304275988021219
17453,0.03246668372838409
17454,0.640676099839619
17455,0.16332851710445687
17456,0.014507804159148553
17457,0.048548777777932796
17458,0.021533334708118166
17459,0.16769089082172417
17460,0.024012906261689643
17461,0.11054359432694735
17462,0.6710151707021232
17463,0.011796798046870836
17464,0.835841352084226
17465,0.009284385680569546
17466,0.04076419806160731
17467,0.06605997416692161
17468,0.03154161532633249
17469,0.010232772166174046
17470,0.19549811666125
17471,0.7142721131900324
17472,0.03536792883824777
17473,0.01794363863473625
17474,0.01758471415644839
17475,0.4102957733947537
17476,0.0563765069393884
17477,0.025322570072439703
17478,0.04520814361610176
17479,0.12206521928657937
17480,0.00799915662191307
17481,0.00799915662191307
17482,0.03483697153097383
17483,0.29680567682296505
17484,0.05733715100568764
17485,0.006406239883114641
17486,0.19801221532921814
17487,0.012215736312627243
17488,0.011295332375801444
17489,0.9705392690926464
17490,0.6087959657232079
17491,0.05223359942726994
17492,0.03129720305307359
17493,0.007083374320960786
17494,0.012024185501537867
17495,0.09238906652785664
17496,0.004793242539005202
17497,0.18859195682328997
17498,0.02042200171982844
17499,0.5913183093548077
17500,0.023051303508506045
17501,0.017250356510590033
17502,0.32168377581535945
17503,0.018231728527460682
17504,0.011248565796424399
17505,0.9593556552714747
17506,0.03484332623980564
17507,0.3387950025258843
17508,0.8027145239199954
17509,0.01249126673311532
17510,0.7065535217373242
17511,0.06826818331768543
17512,0.1930556249276922
17513,0.011623513668745125
17514,0.6686075233466946
17515,0.012679840671479254
17516,0.08162389650876509
17517,0.7662267584180175
17518,0.023472004482415505
17519,0.6416366610850683
17520,0.20529567452849637
17521,0.9040853132161991
17522,0.007269299397013857
17523,0.04724889114385509
17524,0.021354802013854136
17525,0.02009099247427278
17526,0.025659595029683062
17527,0.06342491803850343
17528,0.011610133671116166
17529,0.9563090977403708
17530,0.14929813721079435
17531,0.010290625684903893
17532,0.9774856322737089
17533,0.08648125998728019
17534,0.07438947904700093
17535,0.03571919789643162
17536,0.015198423582696078
17537,0.019720757355559202
17538,0.007930623577228076
17539,0.042188070800087935
17540,0.5841158599159408
17541,0.501998924575897
17542,0.05982531216874689
17543,0.03267907073241578
17544,0.010386538110655765
17545,0.924447084228611
17546,0.24955066574758977
17547,0.5807914889080009
17548,0.17174038748616569
17549,0.520345395932001
17550,0.9241525157074508
17551,0.09663887269923366
17552,0.022318234156637147
17553,0.18812858805418267
17554,0.9158790275359215
17555,0.07586020239340419
17556,0.037745098984579444
17557,0.05348235706227777
17558,0.04641012102329755
17559,0.03649503655000827
17560,0.1265273281827033
17561,0.016630981989557182
17562,0.22596761342079216
17563,0.7591415732737803
17564,0.00799915662191307
17565,0.024131178519615094
17566,0.020717752713114945
17567,0.30621164675104123
17568,0.018598190070137795
17569,0.06689646807172288
17570,0.012325695505726292
17571,0.004594321548212542
17572,0.017588301963717617
17573,0.03402589582683009
17574,0.28509854410794633
17575,0.7118283862154567
17576,0.05017424033822957
17577,0.19852651154864726
17578,0.8204055521013685
17579,0.012215736312627243
17580,0.5746376671679624
17581,0.3451260811331269
17582,0.0323385830080889
17583,0.012569995735593717
17584,0.019317799472446728
17585,0.04407513219672318
17586,0.04781271518187442
17587,0.01774522846032414
17588,0.01569955269140642
17589,0.050114251314571076
17590,0.2522562367078579
17591,0.3062311183425994
17592,0.013952021498974036
17593,0.31122085903208624
17594,0.01167300059271441
17595,0.13099099115245855
17596,0.02352564510387628
17597,0.13066097276505131
17598,0.39926797660194163
17599,0.19360134591597195
17600,0.020458929715997266
17601,0.28709292250853113
17602,0.4655322447889956
17603,0.10980819511761675
17604,0.02910850479489671
17605,0.021328943534379117
17606,0.01406642061194076
17607,0.021979154645818996
17608,0.15865439921526572
17609,0.9381783105764607
17610,0.0212467877926184
17611,0.09429601901881811
17612,0.02093972598339353
17613,0.14961715011669977
17614,0.03267907073241578
17615,0.26206513780949764
17616,0.1143147280970326
17617,0.29776036190126204
17618,0.01794363863473625
17619,0.9797143769965091
17620,0.026413374964108418
17621,0.01617739142596866
17622,0.01854406752520607
17623,0.007930623577228076
17624,0.018912043041517182
17625,0.9136802073909671
17626,0.14426417134671557
17627,0.9362243674526392
17628,0.031585261579711574
17629,0.14785560730207792
17630,0.5386539442153377
17631,0.0059338989531021675
17632,0.767354486836103
17633,0.007470195532464543
17634,0.5341016175682054
17635,0.03117951390973035
17636,0.08774086450552805
17637,0.9776051110801907
17638,0.5670069512126654
17639,0.04509078629031717
17640,0.14172457860100893
17641,0.04497408122069849
17642,0.08007485441318098
17643,0.013439474074012678
17644,0.05315302918648894
17645,0.009517242912817685
17646,0.21239625761415137
17647,0.44305938221918656
17648,0.7366372545813068
17649,0.013248366049774555
17650,0.020506827660699525
17651,0.2282279063890079
17652,0.9848335359419575
17653,0.027750922399513312
17654,0.18027458306655184
17655,0.08367834855106636
17656,0.011248565796424399
17657,0.08519562864439836
17658,0.037000333827233896
17659,0.7909755271385411
17660,0.028857471303890846
17661,0.10961812401566366
17662,0.21764013233278093
17663,0.14396669589599675
17664,0.08555525487316736
17665,0.03744051997253072
17666,0.029704546524082564
17667,0.08145841272121228
17668,0.0212467877926184
17669,0.05627567421683835
17670,0.015226508895468876
17671,0.0065682123519357
17672,0.013325918823055807
17673,0.027694938902529567
17674,0.004927375764270281
17675,0.22310285185500336
17676,0.8191201101779575
17677,0.016734151003155538
17678,0.023842177381792343
17679,0.005238401762930276
17680,0.03432208800256748
17681,0.3433835466285603
17682,0.6587413990777814
17683,0.04814329210792084
17684,0.9144739559826344
17685,0.04082159061049879
17686,0.08988533837014619
17687,0.06259062871067485
17688,0.009869715172705398
17689,0.017838852181035435
17690,0.007930623577228076
17691,0.017609843889568388
17692,0.07991855042958074
17693,0.22015801200353924
17694,0.011248565796424399
17695,0.7689229260223318
17696,0.20700048551922529
17697,0.012755551489133725
17698,0.2856225923307178
17699,0.004822219231771589
17700,0.026225789493320197
17701,0.11310989709746055
17702,0.06354837770058713
17703,0.44146709177486665
17704,0.008049150960766815
17705,0.022168287775347198
17706,0.9534153502248757
17707,0.0129385808623272
17708,0.01931179613334509
17709,0.011442446825553305
17710,0.016793634978632378
17711,0.11735701172888294
17712,0.05082864368310554
17713,0.01893238742761851
17714,0.02933241532628522
17715,0.04223925660206954
17716,0.011955508729450151
17717,0.24324277632903607
17718,0.14816610729030016
17719,0.20565464809057557
17720,0.793698785659452
17721,0.16865963782818658
17722,0.010165625605485708
17723,0.011226328499478464
17724,0.059488965596576446
17725,0.8249581713731593
17726,0.8145112145050255
17727,0.5141644058931487
17728,0.11010525072671462
17729,0.06804301339876088
17730,0.3380801293799879
17731,0.35700215493907367
17732,0.01199917406891353
17733,0.054954591608703446
17734,0.13859903507251847
17735,0.3531007209554795
17736,0.011814003309250615
17737,0.031762422004999576
17738,0.6594172022642665
17739,0.007930623577228076
17740,0.10433124656018593
17741,0.01871174798519934
17742,0.08008442532729072
17743,0.05609630039578725
17744,0.04241793191899949
17745,0.005998489951085184
17746,0.11339617958093542
17747,0.08495959492645672
17748,0.15908638368678163
17749,0.01418317344320011
17750,0.017999518652427073
17751,0.013387952004470521
17752,0.08042857240111544
17753,0.5722227703167261
17754,0.14956603924997489
17755,0.007434140747214812
17756,0.25227639403648733
17757,0.5264238051741822
17758,0.028837633790642102
17759,0.21249818671913667
17760,0.37467876602712136
17761,0.05510857097979516
17762,0.02827207266192588
17763,0.010401104400356978
17764,0.08560378247730979
17765,0.8270050354190769
17766,0.2052011898592906
17767,0.9760820319046409
17768,0.7287596726553484
17769,0.9678577929899576
17770,0.02535162033878958
17771,0.06116934766019151
17772,0.09661779862608613
17773,0.011442446825553305
17774,0.2387285418841965
17775,0.6117843036415719
17776,0.2587237753800466
17777,0.006888534263481603
17778,0.007930623577228076
17779,0.6022607748443876
17780,0.011239032952678517
17781,0.4099642630216864
17782,0.03884596874123243
17783,0.015249422781911253
17784,0.10439454849566117
17785,0.007652896275586684
17786,0.051850134700405934
17787,0.9083105951486573
17788,0.04118003357764978
17789,0.07090363404807563
17790,0.0656086639058144
17791,0.03408350975931911
17792,0.05265118578603182
17793,0.5643686451380174
17794,0.02238573330892922
17795,0.022779186979535408
17796,0.03073752091922725
17797,0.9324326392787793
17798,0.7121595769028856
17799,0.011693672285271649
17800,0.06644520284818066
17801,0.13757613197010438
17802,0.032199382768454195
17803,0.04646021294628072
17804,0.02635649680161932
17805,0.06636509928096512
17806,0.8258107395915566
17807,0.024131178519615094
17808,0.006299012697661515
17809,0.7311019471701655
17810,0.00784230892636349
17811,0.9911590479873845
17812,0.03573103768127426
17813,0.05609630039578725
17814,0.02434575030387836
17815,0.1367062400249043
17816,0.18289681198401314
17817,0.006248246560191645
17818,0.011442446825553305
17819,0.288996278440449
17820,0.08292833123876102
17821,0.4165923084648533
17822,0.01005498736583221
17823,0.6753193930897081
17824,0.011442446825553305
17825,0.2017533477083711
17826,0.050382563787084354
17827,0.04168742844133957
17828,0.0177722309808996
17829,0.03167148749823379
17830,0.1447375558164232
17831,0.0911582081484299
17832,0.011442446825553305
17833,0.8073994538726404
17834,0.025659595029683062
17835,0.6859222104495818
17836,0.02314358873926565
17837,0.2725411595010127
17838,0.9015241129569144
17839,0.16025315450661515
17840,0.015249422781911253
17841,0.33883360472478247
17842,0.01963082532232924
17843,0.09303461003806672
17844,0.21045943403240286
17845,0.4663055960921551
17846,0.01399246984076379
17847,0.01671718811883461
17848,0.030278284807638972
17849,0.9735613758935433
17850,0.5793815565297609
17851,0.03359867028048826
17852,0.009568438801337373
17853,0.019317799472446728
17854,0.04641012102329755
17855,0.02734706843340115
17856,0.6011508393287559
17857,0.21184285060091615
17858,0.033673449072778736
17859,0.03238204985965401
17860,0.6638228256384447
17861,0.0971959610223106
17862,0.8926562916097908
17863,0.04280552477762092
17864,0.026596389046670704
17865,0.9726723230398887
17866,0.05996712327694172
17867,0.8723356382557527
17868,0.019160891963068333
17869,0.011997200757672143
17870,0.022853669080903926
17871,0.017809866180011402
17872,0.012905229302856274
17873,0.05609630039578725
17874,0.19360134591597195
17875,0.05797635048803048
17876,0.08292833123876102
17877,0.4688581050807943
17878,0.07165638467424816
17879,0.05266053934417553
17880,0.009594851900594219
17881,0.022268799949930203
17882,0.06985948189339955
17883,0.06883449894003095
17884,0.04294620551776621
17885,0.2587016489444088
17886,0.04574891424100065
17887,0.03732893786892107
17888,0.755134334036873
17889,0.9649677239912805
17890,0.008157748399632896
17891,0.009037313817603731
17892,0.42716219603776584
17893,0.9667881590727366
17894,0.35353387034705847
17895,0.22976961551564995
17896,0.16932039060293527
17897,0.3286217577498398
17898,0.2279136708490102
17899,0.011248565796424399
17900,0.03039256437705557
17901,0.0212467877926184
17902,0.0411836534424992
17903,0.006547632302846252
17904,0.24847999340086044
17905,0.9133221662353952
17906,0.007641210997423259
17907,0.061172020958780694
17908,0.9066710743653131
17909,0.018803969770676707
17910,0.09867737417835591
17911,0.21936647026609862
17912,0.6778235547385089
17913,0.015193543728486003
17914,0.7027725631802634
17915,0.030294513259152157
17916,0.033493048488739595
17917,0.01421388202377755
17918,0.021504007213543428
17919,0.0097815139993324
17920,0.012417069117198466
17921,0.1092107079109579
17922,0.299951271913734
17923,0.011442446825553305
17924,0.17919660299413853
17925,0.03959028929027168
17926,0.022961667793176228
17927,0.009568438801337373
17928,0.09633838357379795
17929,0.038863742155645545
17930,0.809913988876819
17931,0.4984812082655096
17932,0.6229999151931996
17933,0.051823303087457785
17934,0.008709510979966358
17935,0.5426197017255561
17936,0.014955596673229354
17937,0.5585938590975684
17938,0.01245687104400096
17939,0.1060062460997333
17940,0.10325684131446385
17941,0.08729392016717627
17942,0.015984641469723577
17943,0.12958313668704066
17944,0.9241388901924159
17945,0.48792438384576825
17946,0.022876635116114874
17947,0.1365381174208599
17948,0.4385814224514952
17949,0.007809443737138219
17950,0.015764333103293997
17951,0.09687554271377735
17952,0.009568438801337373
17953,0.6725893227305153
17954,0.09489037464379692
17955,0.011864448386940889
17956,0.010592599216284122
17957,0.03131013473835552
17958,0.1700972010872932
17959,0.7964090287187129
17960,0.9821810815490509
17961,0.012627045870746026
17962,0.013472942576465866
17963,0.5650452663559169
17964,0.06668763077917003
17965,0.020874065055610576
17966,0.06010565234281611
17967,0.10816487068169187
17968,0.05229869440469769
17969,0.023992755227216837
17970,0.11719473112402916
17971,0.010485678567904895
17972,0.1680698323474728
17973,0.05888299201587754
17974,0.029089121605483315
17975,0.05315302918648894
17976,0.022414311322029343
17977,0.03800451801459695
17978,0.024131178519615094
17979,0.033548671865482535
17980,0.02349726116601633
17981,0.6062194964680823
17982,0.011442446825553305
17983,0.013387952004470521
17984,0.04099031647004527
17985,0.17259568305379033
17986,0.016205633361317494
17987,0.034501366069649216
17988,0.037541410234964684
17989,0.0618696545668681
17990,0.011442446825553305
17991,0.004795669546803227
17992,0.04169524255247777
17993,0.27655491997414744
17994,0.01167300059271441
17995,0.03273950969231855
17996,0.1669929304487226
17997,0.0602362462124447
17998,0.0064771454583495485
17999,0.7964489167540625
18000,0.009634492924502254
18001,0.8126279737606192
18002,0.1291524851792365
18003,0.07806224220854463
18004,0.021533334708118166
18005,0.16755468822809355
18006,0.17324089584711905
18007,0.009566601534916319
18008,0.07960952404472395
18009,0.031210905770732402
18010,0.12442949361662939
18011,0.03579231508846767
18012,0.03483697153097383
18013,0.0754467691289352
18014,0.04948468513642073
18015,0.026299294096099823
18016,0.050304050524133746
18017,0.013349207184770966
18018,0.08389406397450355
18019,0.2730661497118505
18020,0.007930623577228076
18021,0.5912162652868342
18022,0.15644392543065264
18023,0.09812406686533454
18024,0.8856424870113934
18025,0.021160470496370005
18026,0.262011453695318
18027,0.05100247959658203
18028,0.021435674683576603
18029,0.8409687860877596
18030,0.03446415139962587
18031,0.0577762432783994
18032,0.020446668885056953
18033,0.1398678199816134
18034,0.040402516416821105
18035,0.13148741483852142
18036,0.06802014408868225
18037,0.034641500611671316
18038,0.01266141423241016
18039,0.13914465177980248
18040,0.3119237228453804
18041,0.06251498910214337
18042,0.9006183852205459
18043,0.026091849542653315
18044,0.029977810030794225
18045,0.02127165572552534
18046,0.025576568478540864
18047,0.028413734021428726
18048,0.012325695505726292
18049,0.014709420288856478
18050,0.16482444646128916
18051,0.1758797898610049
18052,0.01276137937672831
18053,0.8982974111996386
18054,0.05258100490764046
18055,0.42014377939650704
18056,0.034383586458986024
18057,0.04014864043622739
18058,0.017914612487622827
18059,0.08020418261988156
18060,0.44136281359081614
18061,0.03267907073241578
18062,0.07791546763115655
18063,0.05910663812689163
18064,0.026382614461064297
18065,0.7914750542130822
18066,0.034219116504001015
18067,0.42982225543018876
18068,0.007071280335760766
18069,0.0196230864192083
18070,0.1954624566754561
18071,0.017302105090829422
18072,0.8163986536635142
18073,0.8668070941658891
18074,0.06148073491049741
18075,0.04069593166093624
18076,0.011442446825553305
18077,0.02800760123833785
18078,0.01412587652235333
18079,0.02527855564800547
18080,0.004325435822316543
18081,0.11895162807251101
18082,0.03880403627897827
18083,0.007930623577228076
18084,0.2445659808753689
18085,0.037099540403892114
18086,0.9633631989993905
18087,0.39398009530029465
18088,0.7577938666844821
18089,0.013387952004470521
18090,0.01357690789040215
18091,0.9242572803245699
18092,0.4220932531233473
18093,0.05577856254333631
18094,0.5682370092473966
18095,0.05797079211867704
18096,0.03137779525880611
18097,0.0034840545466495432
18098,0.009482501849689646
18099,0.06089089617145242
18100,0.37562102841088957
18101,0.953344642684229
18102,0.012215736312627243
18103,0.05060942164308054
18104,0.014015694479118471
18105,0.014913420503823584
18106,0.6764544858579612
18107,0.022376779615727663
18108,0.027736667377924164
18109,0.39241305502938095
18110,0.051201190089026655
18111,0.14698702097510824
18112,0.1556996908107057
18113,0.006996722095990492
18114,0.03273950969231855
18115,0.09536283116186474
18116,0.009467888251074629
18117,0.01827426986110214
18118,0.043995340781519066
18119,0.0206096469951415
18120,0.014402200092088355
18121,0.013174412094247705
18122,0.021648666881987546
18123,0.014852611168703367
18124,0.12223141642984794
18125,0.03032595630473168
18126,0.1133288434180401
18127,0.467311113334222
18128,0.014654000806321602
18129,0.00843313255683679
18130,0.5408105426741912
18131,0.004960975333424505
18132,0.020527511101421047
18133,0.012215736312627243
18134,0.010739376058048684
18135,0.01708419690859874
18136,0.8668068676250851
18137,0.8614668094821477
18138,0.10118147749164307
18139,0.03138094062262598
18140,0.07431547452141765
18141,0.011752356705740739
18142,0.021818396490032015
18143,0.9742239542484148
18144,0.030294513259152157
18145,0.027594246326424536
18146,0.24845169224041438
18147,0.031585261579711574
18148,0.6090420544235009
18149,0.009771814759463112
18150,0.01895575738596164
18151,0.06465842251886784
18152,0.022533260107446485
18153,0.01442401729962811
18154,0.022972726686076608
18155,0.5922542853006557
18156,0.008136939083237245
18157,0.10377639728744519
18158,0.9350407031008602
18159,0.03163181269230762
18160,0.819665224041629
18161,0.04814329210792084
18162,0.04095376488009499
18163,0.013387952004470521
18164,0.42801614468574295
18165,0.09212761483392859
18166,0.06514857150156032
18167,0.7665377998121171
18168,0.40092958420024877
18169,0.015076854827400024
18170,0.8823626438783064
18171,0.98104190522945
18172,0.05096416014058208
18173,0.009217303829041956
18174,0.2731907741425155
18175,0.04036330353341239
18176,0.9300333374762327
18177,0.6463227793943166
18178,0.21399061689147997
18179,0.13340960727781187
18180,0.9819869370597171
18181,0.3814444485927055
18182,0.010477159382745169
18183,0.1339054896805381
18184,0.020730907866415675
18185,0.14315306955814922
18186,0.0075713476001564705
18187,0.03483697153097383
18188,0.8632880865373267
18189,0.11865599227658015
18190,0.964551322903424
18191,0.021648666881987546
18192,0.8185845181819209
18193,0.013387952004470521
18194,0.014223861403791477
18195,0.9412498175111381
18196,0.01338242649576092
18197,0.007016173249011255
18198,0.543957720324799
18199,0.01862638165359009
18200,0.3181024820667248
18201,0.5971766953902182
18202,0.5671703410350911
18203,0.28413552038854833
18204,0.05100247959658203
18205,0.019528141379875727
18206,0.07774688700766781
18207,0.10810164220940033
18208,0.04883757827419636
18209,0.018876987824405497
18210,0.0197344592503089
18211,0.1208129099309857
18212,0.04329255532519084
18213,0.22903970608400173
18214,0.9221486507975217
18215,0.03273950969231855
18216,0.2051582785774415
18217,0.620982126687358
18218,0.034035111255588335
18219,0.022972726686076608
18220,0.6226989472862583
18221,0.26510851109812517
18222,0.012215736312627243
18223,0.37930481086254025
18224,0.9284092139044079
18225,0.02919276775836606
18226,0.6812054654558116
18227,0.021533334708118166
18228,0.011442446825553305
18229,0.3183533638324907
18230,0.012215736312627243
18231,0.840039893009452
18232,0.8481250495167121
18233,0.18337949747149218
18234,0.8973369265279575
18235,0.7775884520271247
18236,0.021731266267780863
18237,0.5049625518459196
18238,0.026879218550687194
18239,0.08370261065729867
18240,0.07939211186123528
18241,0.6315841087511068
18242,0.030526426222677133
18243,0.08207529498593197
18244,0.5726174219915358
18245,0.1133288434180401
18246,0.1653323245476175
18247,0.179827078510721
18248,0.21982099155023202
18249,0.05463837381654102
18250,0.018562193481530553
18251,0.014530011756243067
18252,0.0074936503527959905
18253,0.7684376489939159
18254,0.261841051596975
18255,0.7339682545677851
18256,0.007406202845930006
18257,0.009023570122945634
18258,0.17412977715905645
18259,0.021280340081170388
18260,0.011442446825553305
18261,0.011715971747905684
18262,0.02557992871985821
18263,0.12899676597723178
18264,0.013387952004470521
18265,0.32470350888751925
18266,0.3881648560930445
18267,0.6335033597982354
18268,0.009893307061063738
18269,0.973159828875151
18270,0.12395413664763257
18271,0.05966076482293032
18272,0.3253440389302326
18273,0.017194476869272307
18274,0.012925961649891612
18275,0.010271205175828175
18276,0.7112357690767382
18277,0.02330257647987812
18278,0.010715300029849887
18279,0.020606344610739742
18280,0.03050834649732304
18281,0.1543454425588308
18282,0.04038200758437546
18283,0.24215431433127727
18284,0.037099540403892114
18285,0.01167300059271441
18286,0.12241249939234519
18287,0.034640496812879076
18288,0.034641500611671316
18289,0.37496183552749757
18290,0.013387952004470521
18291,0.010765671683605826
18292,0.058155564256049716
18293,0.030858277374214017
18294,0.03109299720520615
18295,0.14972526745942868
18296,0.8965147793473696
18297,0.01925721393606845
18298,0.04110591638172754
18299,0.11048896340585955
18300,0.08890474937579877
18301,0.011442446825553305
18302,0.7324045503861639
18303,0.05198295536327788
18304,0.019631422323204882
18305,0.317027192210808
18306,0.06348342230273782
18307,0.013627626852645437
18308,0.9307796952135019
18309,0.014845979333121873
18310,0.1172417685207511
18311,0.24964272386046918
18312,0.009438410375995
18313,0.03596732647434778
18314,0.012035570570849946
18315,0.06179118605110309
18316,0.057276292676509154
18317,0.058155564256049716
18318,0.01895575738596164
18319,0.007083374320960786
18320,0.1016219048335438
18321,0.2239420047495573
18322,0.6189462094697105
18323,0.03273950969231855
18324,0.7743267804889356
18325,0.8888336603156882
18326,0.16621319929105444
18327,0.044751265360789876
18328,0.03267907073241578
18329,0.07965717755216298
18330,0.021614902238521416
18331,0.22989582525375246
18332,0.007714061848291462
18333,0.046434025348653374
18334,0.008070063521482679
18335,0.14177181761302368
18336,0.0308707994431538
18337,0.7145742559910583
18338,0.01794363863473625
18339,0.020073860791163096
18340,0.09048825039820754
18341,0.021746801153648267
18342,0.08988906746098566
18343,0.05609630039578725
18344,0.9636195162604574
18345,0.6896166703191606
18346,0.05771046384395757
18347,0.021533334708118166
18348,0.033275193994607676
18349,0.06493825368585183
18350,0.7386190976662685
18351,0.013823901588406452
18352,0.03432593728667003
18353,0.06636844223129901
18354,0.01752111078165834
18355,0.01298219025429575
18356,0.0669339885092321
18357,0.7801216222996596
18358,0.10072593176224036
18359,0.022414311322029343
18360,0.024712917231634837
18361,0.9021624171770849
18362,0.029296806665441617
18363,0.012538915862082509
18364,0.620347630642503
18365,0.8636018356846059
18366,0.5219306629428031
18367,0.010305325991791407
18368,0.04072144434340764
18369,0.03906126679272191
18370,0.17577832185337294
18371,0.8742208454123518
18372,0.02075790450496731
18373,0.04078118450913496
18374,0.017271683020227167
18375,0.21184285060091615
18376,0.26360442662188344
18377,0.02240484559033844
18378,0.11362838025638075
18379,0.01167300059271441
18380,0.5722412178593602
18381,0.9817028214547333
18382,0.3295221017284769
18383,0.13399421788698856
18384,0.04441795562957311
18385,0.006863481341087437
18386,0.9082428678514147
18387,0.7693853598286354
18388,0.17914342700797656
18389,0.05724977794640479
18390,0.2873477444775294
18391,0.3124385772546402
18392,0.17704385183152346
18393,0.2661324366966955
18394,0.05140791725751362
18395,0.1845710673750892
18396,0.5790892725014944
18397,0.007695017338283106
18398,0.9518290424227752
18399,0.17895427498829813
18400,0.10535761859733753
18401,0.008925598286353156
18402,0.5426197017255561
18403,0.5884634429089334
18404,0.022944155571683014
18405,0.07191266836928668
18406,0.5301288398702575
18407,0.038007460504939417
18408,0.7427507973890057
18409,0.01854406752520607
18410,0.01927552710235784
18411,0.012494521570865587
18412,0.01121761150201599
18413,0.8680581219830722
18414,0.08137528085167173
18415,0.01854406752520607
18416,0.08292833123876102
18417,0.03144057790898609
18418,0.6099921239827779
18419,0.4025503553726417
18420,0.007267636728515225
18421,0.8636018356846059
18422,0.014913420503823584
18423,0.17611102336789175
18424,0.26545641271229015
18425,0.9658723254428614
18426,0.07244141808781501
18427,0.549491333891964
18428,0.009023570122945634
18429,0.11037855586169375
18430,0.8791033547607023
18431,0.034428206288029034
18432,0.009100822523413921
18433,0.018494749144604593
18434,0.011166434656438287
18435,0.12473038077771281
18436,0.24901589880230388
18437,0.014069308151763063
18438,0.07803235723361818
18439,0.03151520239488406
18440,0.084708069969271
18441,0.22587278518407866
18442,0.07970873772628552
18443,0.03691568314264224
18444,0.1512698637940899
18445,0.7322061384166331
18446,0.8159935335250132
18447,0.008686350138985622
18448,0.7499917592870439
18449,0.02747851584519212
18450,0.20313687774177236
18451,0.0563765069393884
18452,0.8172518361560425
18453,0.03267907073241578
18454,0.9161858565857284
18455,0.24866244386250377
18456,0.06688660400713224
18457,0.019826493339836014
18458,0.8795799401032283
18459,0.5001926415256405
18460,0.10033717053815179
18461,0.12168802064210003
18462,0.08021274214337099
18463,0.03144783444919467
18464,0.0064700262859095775
18465,0.013317007471961781
18466,0.029977810030794225
18467,0.13396366507678775
18468,0.20520979913387344
18469,0.013177332571867763
18470,0.5323111497207393
18471,0.9393387570110687
18472,0.008800742463465136
18473,0.04169524255247777
18474,0.008143655073850889
18475,0.03258406464606536
18476,0.11545021354735889
18477,0.011071864885133852
18478,0.96027786826826
18479,0.028808900010341646
18480,0.9347093582980461
18481,0.02076567800389672
18482,0.7717399391565953
18483,0.02822261948323072
18484,0.13446486485671694
18485,0.8988086694509069
18486,0.06538880090239327
18487,0.021722924602144505
18488,0.9253920112325563
18489,0.01121761150201599
18490,0.01812302461187202
18491,0.011372765809491227
18492,0.885173963054081
18493,0.2777457184039735
18494,0.33238698361648794
18495,0.8996604840130187
18496,0.1029656480342195
18497,0.05119529744395738
18498,0.7411946373702274
18499,0.007930623577228076
18500,0.4324121851270184
18501,0.7443713625888595
18502,0.03739977096453196
18503,0.013944013560907872
18504,0.038427624485669026
18505,0.020413864754176496
18506,0.031263473920063074
18507,0.053038303281897264
18508,0.005015309878461417
18509,0.013793270083855329
18510,0.21539026544142356
18511,0.007325821764252221
18512,0.029032706970644605
18513,0.7658974441596067
18514,0.009145868225071019
18515,0.048756852096148225
18516,0.043919814569222934
18517,0.0038107171134345694
18518,0.01591522040500226
18519,0.028643717618767238
18520,0.01827141423409413
18521,0.03263399968645811
18522,0.016711800889406637
18523,0.012215736312627243
18524,0.03243188724329176
18525,0.029590940896550903
18526,0.13394755253595844
18527,0.9735613758935433
18528,0.01794363863473625
18529,0.010077329251994366
18530,0.01502245605917989
18531,0.014654000806321602
18532,0.07598368643118782
18533,0.015248019772796087
18534,0.27597791154453455
18535,0.016813929269073043
18536,0.008794067705002748
18537,0.7723748945044487
18538,0.24230367926824237
18539,0.03864141028671642
18540,0.16046306864571408
18541,0.016813929269073043
18542,0.21620500936520168
18543,0.042218396436124864
18544,0.10025830111909086
18545,0.04038200758437546
18546,0.07722450763920966
18547,0.13742534867534545
18548,0.8340427045747513
18549,0.9303519451256781
18550,0.9688612191243094
18551,0.0786187052328944
18552,0.8296543795212076
18553,0.6032419320647732
18554,0.20232394437800524
18555,0.21190384509947566
18556,0.006328201158275323
18557,0.030891601334151687
18558,0.0198355775783948
18559,0.7681086276613178
18560,0.22556143577559162
18561,0.06821426036601404
18562,0.5946882447197983
18563,0.015949818871511656
18564,0.8209165578186953
18565,0.004799583749566767
18566,0.016142444522715016
18567,0.04057725009853602
18568,0.01056920016583316
18569,0.008581750885644477
18570,0.2801236662934934
18571,0.01710485150774334
18572,0.008957028431589027
18573,0.011672880023233556
18574,0.10380947916321352
18575,0.064793901629349
18576,0.016813929269073043
18577,0.14611757470438858
18578,0.025767782419260275
18579,0.14059480863054682
18580,0.03353643455015541
18581,0.019823575489240904
18582,0.23394461155060176
18583,0.04682988632781608
18584,0.25078861398406577
18585,0.033536160541243
18586,0.08261303244403162
18587,0.020815233515036106
18588,0.3928001174954817
18589,0.03483697153097383
18590,0.005937356319254674
18591,0.3946112794194583
18592,0.6574967187606
18593,0.10738374093297538
18594,0.03483697153097383
18595,0.9555853288110774
18596,0.1754517931220815
18597,0.1000928052211063
18598,0.4568328604799112
18599,0.4291752956393534
18600,0.6946150930347503
18601,0.013387952004470521
18602,0.007339266311114533
18603,0.016796876774997093
18604,0.914399151493723
18605,0.05865023107956489
18606,0.16445619902227515
18607,0.05451347705654038
18608,0.4980908332122441
18609,0.1418319456219847
18610,0.18689955683238427
18611,0.009566601534916319
18612,0.021129923417717158
18613,0.9418407772774847
18614,0.015243817935174861
18615,0.6072756764281789
18616,0.011142938805693827
18617,0.9207734304443219
18618,0.10367009505654834
18619,0.012581287237640933
18620,0.01528716465170307
18621,0.007339266311114533
18622,0.04693008753947324
18623,0.0774929900967861
18624,0.03483697153097383
18625,0.022268799949930203
18626,0.007930623577228076
18627,0.3054555740103526
18628,0.008012125763531948
18629,0.08776265181234018
18630,0.17424053050315744
18631,0.6349214714434133
18632,0.03246668372838409
18633,0.017133053245839754
18634,0.7895702390173485
18635,0.019440719431935767
18636,0.2001340993320813
18637,0.2913116671636635
18638,0.017876205130471907
18639,0.10374328210403863
18640,0.22178210646319219
18641,0.03084903197995656
18642,0.5953743986615476
18643,0.05282383643039695
18644,0.01447801783928049
18645,0.018876987824405497
18646,0.12965391985932892
18647,0.013944013560907872
18648,0.06260909209458765
18649,0.019927113272064652
18650,0.09092545316421168
18651,0.09205539279749499
18652,0.014326280876538642
18653,0.013325493426469645
18654,0.09358153118268162
18655,0.012204623439943175
18656,0.03329183408910616
18657,0.011442446825553305
18658,0.04582881510102538
18659,0.11118531322646975
18660,0.012471931015270193
18661,0.01964173828935906
18662,0.012332699774891978
18663,0.04928521224909255
18664,0.05200241152793513
18665,0.08552438038426877
18666,0.17354212598639943
18667,0.03325537665280028
18668,0.017714094122525666
18669,0.013753605318589386
18670,0.28789797640078685
18671,0.011877452978570487
18672,0.9419037405420941
18673,0.23578641957554153
18674,0.019528993536525548
18675,0.4343477965157202
18676,0.013452774739573894
18677,0.01167300059271441
18678,0.05098869791915272
18679,0.03842286437813439
18680,0.5582608940418538
18681,0.14789686023614776
18682,0.14631482983568225
18683,0.06966988268015294
18684,0.9513777851678468
18685,0.007930623577228076
18686,0.15114424051728054
18687,0.8759031112592063
18688,0.03407614721595542
18689,0.29330406672775944
18690,0.012569995735593717
18691,0.07481161248829908
18692,0.06550076140192743
18693,0.4215973944129248
18694,0.07361247459344168
18695,0.9915396337544321
18696,0.34569383984323687
18697,0.4122786082827327
18698,0.8636676769298838
18699,0.023354466400945104
18700,0.007930623577228076
18701,0.03475784482471751
18702,0.12486758473944969
18703,0.005552254328416457
18704,0.6849048927494918
18705,0.18467237529202338
18706,0.04417743633537484
18707,0.14729210598979647
18708,0.02042200171982844
18709,0.665879782659767
18710,0.03926124569537821
18711,0.04207452773466421
18712,0.08235597107267278
18713,0.012215736312627243
18714,0.22359434021091654
18715,0.008794067705002748
18716,0.33521146023607623
18717,0.0447798585960944
18718,0.01794363863473625
18719,0.010571555892448264
18720,0.08292833123876102
18721,0.08008442532729072
18722,0.007166914200619632
18723,0.4766999158628966
18724,0.6190367253865605
18725,0.891815850715891
18726,0.2500648787044172
18727,0.02248216934271772
18728,0.23448832336746536
18729,0.615235824354466
18730,0.010857175113622759
18731,0.9135103435054319
18732,0.01986842624057512
18733,0.8667952485600552
18734,0.012289703433188307
18735,0.19462848875801286
18736,0.10950472272947116
18737,0.21991992996836798
18738,0.1005222077731384
18739,0.008246208535359215
18740,0.020527511101421047
18741,0.026364206109225418
18742,0.23730313369674344
18743,0.09482880024348823
18744,0.006809620277913422
18745,0.016813929269073043
18746,0.11662923146632495
18747,0.6603822244715388
18748,0.9554317913464921
18749,0.20237981477383796
18750,0.03246668372838409
18751,0.10369382315232423
18752,0.010940992590668597
18753,0.35814517601156387
18754,0.059577134063058285
18755,0.0032032246832552807
18756,0.1338680860887788
18757,0.031585261579711574
18758,0.07923553694139546
18759,0.75951634443203
18760,0.016813929269073043
18761,0.05172678638148188
18762,0.21620500936520168
18763,0.7436864697475143
18764,0.018479022781917195
18765,0.07465863116272133
18766,0.03535296239908051
18767,0.15148328991189666
18768,0.0563863272311992
18769,0.008374359350726876
18770,0.009722361412379716
18771,0.013944175575764176
18772,0.029785039734236372
18773,0.03869022352555362
18774,0.07148478507159126
18775,0.0109148347631251
18776,0.00989824959669236
18777,0.016941589597310062
18778,0.017223169539046908
18779,0.013063730318279416
18780,0.033759451646462164
18781,0.027620903759583638
18782,0.018292769323327684
18783,0.5185348587846536
18784,0.8083238645931297
18785,0.0218701634023226
18786,0.023317676571651534
18787,0.018079419763926113
18788,0.28525178224401865
18789,0.3439518751092896
18790,0.8702298993264874
18791,0.016517445954387
18792,0.04818603736357262
18793,0.0168562322649478
18794,0.027360214527179835
18795,0.14740669593919886
18796,0.037735350955548974
18797,0.01854406752520607
18798,0.027499343018897227
18799,0.01854406752520607
18800,0.013451965888672372
18801,0.0335324707179654
18802,0.7287238945273287
18803,0.022972726686076608
18804,0.02531249657696537
18805,0.20947417875681706
18806,0.04855970894298937
18807,0.06639580611506224
18808,0.30697541103063125
18809,0.030126159005123006
18810,0.20302122375357454
18811,0.030302358981383143
18812,0.01167300059271441
18813,0.02084708060220417
18814,0.037130909094571514
18815,0.011098461932070444
18816,0.0197344592503089
18817,0.017914612487622827
18818,0.08008442532729072
18819,0.043027348162287066
18820,0.2299837995478944
18821,0.833147784574312
18822,0.04582963800848105
18823,0.17392214104590337
18824,0.916584834218261
18825,0.017817975509799532
18826,0.463012768732329
18827,0.7525567452015383
18828,0.030252717307100052
18829,0.02710359585435042
18830,0.1338680860887788
18831,0.9175110477936513
18832,0.8479552869473245
18833,0.017258892195381025
18834,0.8533365889278163
18835,0.14971714027396327
18836,0.8297915332919047
18837,0.3991978827416182
18838,0.10513678298585656
18839,0.3153309114136139
18840,0.014145300518052356
18841,0.011952072693805273
18842,0.032252510028756703
18843,0.012215736312627243
18844,0.17123927370861353
18845,0.17581738857230972
18846,0.017133053245839754
18847,0.7118283862154567
18848,0.03912974412894908
18849,0.0185436575151438
18850,0.840917784999238
18851,0.03134136979973031
18852,0.15627256019729693
18853,0.9885487924334551
18854,0.09453619944229506
18855,0.1249274861518199
18856,0.06353758190465106
18857,0.12306629151054897
18858,0.00831088299286054
18859,0.007257029007616679
18860,0.6241764890347123
18861,0.013177332571867763
18862,0.011921698949853392
18863,0.08006110519055526
18864,0.2765924666563007
18865,0.012215736312627243
18866,0.03483697153097383
18867,0.01612890917716261
18868,0.037408983014972905
18869,0.04021681205465429
18870,0.06733672919603723
18871,0.006820549267464274
18872,0.9354507660636312
18873,0.5677648845500047
18874,0.01794363863473625
18875,0.018072494621075654
18876,0.9684236460140456
18877,0.012158710355053325
18878,0.4749203288401547
18879,0.09191383635381536
18880,0.7093237598530987
18881,0.07420836806601067
18882,0.31654452947431966
18883,0.22066116144281134
18884,0.9279355461137856
18885,0.8720486994983164
18886,0.9458488020657568
18887,0.017190836068565887
18888,0.03762219285904193
18889,0.020283679750405584
18890,0.2825520837626357
18891,0.009100822523413921
18892,0.006582915854603088
18893,0.022268799949930203
18894,0.07493140241890246
18895,0.296737408679054
18896,0.6904499742427299
18897,0.07367019517837037
18898,0.018156252085844406
18899,0.05682908878897824
18900,0.06218286035185809
18901,0.1456013248501422
18902,0.007945578225973427
18903,0.024827920847995667
18904,0.03317464042891328
18905,0.01764876231746952
18906,0.05736765461966746
18907,0.028142879895805224
18908,0.012215736312627243
18909,0.7411169559823979
18910,0.13346339925052833
18911,0.12815965455904063
18912,0.705547913176689
18913,0.06999065615231741
18914,0.21502886363849338
18915,0.06580255834414736
18916,0.9138576473614255
18917,0.012155869835890183
18918,0.9736258578431839
18919,0.2807717836524303
18920,0.120371903990625
18921,0.21068029662079837
18922,0.4796882699971407
18923,0.9337040778136874
18924,0.022972726686076608
18925,0.44011495649554233
18926,0.022452187278116615
18927,0.03936024086209557
18928,0.13777288729123333
18929,0.016601081548499763
18930,0.10684794432993823
18931,0.9042136304231051
18932,0.0772788370431608
18933,0.826772676403282
18934,0.10655683417359019
18935,0.3512917870702508
18936,0.03235306831357495
18937,0.008237831292146496
18938,0.1038693782644366
18939,0.6843383183496804
18940,0.029113821887050712
18941,0.031585261579711574
18942,0.019245925627650807
18943,0.007930623577228076
18944,0.7387709615180146
18945,0.1456400172695417
18946,0.019454767533951114
18947,0.007930623577228076
18948,0.0106455372241523
18949,0.020238399352977325
18950,0.32955710979613795
18951,0.6668630136575213
18952,0.3823555945307561
18953,0.011248565796424399
18954,0.008646015702699208
18955,0.160248707330108
18956,0.93864901279155
18957,0.014766588763139153
18958,0.042708424827883285
18959,0.008397364609937407
18960,0.02221590717353312
18961,0.011809932456265528
18962,0.023148784310381035
18963,0.2843191786832938
18964,0.012881507741750916
18965,0.8007008625459012
18966,0.16792913487623834
18967,0.7688802893282896
18968,0.8582868548319601
18969,0.11589156666491468
18970,0.5954258753734436
18971,0.013196789834527156
18972,0.05100247959658203
18973,0.061649762591488126
18974,0.21621404869969713
18975,0.017809714323020163
18976,0.021467466207069463
18977,0.04907443594317617
18978,0.07959663875962597
18979,0.021533334708118166
18980,0.5984042487508778
18981,0.1790541913030024
18982,0.45392995604672676
18983,0.04942839485219011
18984,0.017258892195381025
18985,0.0531795024595727
18986,0.9345563347679978
18987,0.008625915255375559
18988,0.013091390580631529
18989,0.10489393520543343
18990,0.13709556955604335
18991,0.01369371760584838
18992,0.8982292783968034
18993,0.02745403811796043
18994,0.0902554231173027
18995,0.14816610729030016
18996,0.7327543812212177
18997,0.7230926512561123
18998,0.25312187743915854
18999,0.06641804387053468
19000,0.05859207283087914
19001,0.06405461712980721
19002,0.06179121011256941
19003,0.008237449076629022
19004,0.9091439753416217
19005,0.0722742499341648
19006,0.22649190916521528
19007,0.015779111601517223
19008,0.8696781284394699
19009,0.17206678501976738
19010,0.029718875326783377
19011,0.03365773017457989
19012,0.02392301819975674
19013,0.01266141423241016
19014,0.7582740375415353
19015,0.11149539577755133
19016,0.13605627597704037
19017,0.04942839485219011
19018,0.012282001982004116
19019,0.030270333565058243
19020,0.05652505342826859
19021,0.04321261663629421
19022,0.025695065638180168
19023,0.03246668372838409
19024,0.7710233483236675
19025,0.03799714319526231
19026,0.12534954820757446
19027,0.04529630339013041
19028,0.43442020619225735
19029,0.01694860750447874
19030,0.1257559507382802
19031,0.02775094130238049
19032,0.012502448186612707
19033,0.05043183859861911
19034,0.026138401305964436
19035,0.01628122334396806
19036,0.03459042155807715
19037,0.04761062888892276
19038,0.011635559352406689
19039,0.009893307061063738
19040,0.2572326820843493
19041,0.04942839485219011
19042,0.009845929416169293
19043,0.03788407010032434
19044,0.07168070729827755
19045,0.9417957007202711
19046,0.015198423582696078
19047,0.5985432019193981
19048,0.01237754606361669
19049,0.09075603691435558
19050,0.03561721526860656
19051,0.19237564262634405
19052,0.8667952485600552
19053,0.013944013560907872
19054,0.08141916735350035
19055,0.2744098063553547
19056,0.11322556810436472
19057,0.012853702057400529
19058,0.44305938221918656
19059,0.04735779718378537
19060,0.04942839485219011
19061,0.0066534349789048736
19062,0.012817105057805419
19063,0.007636166812642545
19064,0.1133824873677527
19065,0.08459000925936187
19066,0.7913392446970489
19067,0.04888152148673039
19068,0.030391453749819167
19069,0.05578272474841552
19070,0.07317694082815919
19071,0.7951325744298076
19072,0.299951271913734
19073,0.764393423509323
19074,0.005573044027874049
19075,0.3263170645909184
19076,0.1986199190824063
19077,0.1581592350717437
19078,0.020903108114289953
19079,0.2756856925024747
19080,0.009053845107410764
19081,0.06130772546369733
19082,0.022877211780918897
19083,0.757781974848547
19084,0.029917993919001008
19085,0.03656904549541071
19086,0.8733870447702675
19087,0.5292529630907838
19088,0.1424236653416853
19089,0.05131555573367303
19090,0.31305994501393697
19091,0.3326268384029884
19092,0.8921756121995906
19093,0.11479668764904512
19094,0.022972726686076608
19095,0.13565443936137644
19096,0.01794363863473625
19097,0.04382506710047053
19098,0.8788427516567687
19099,0.0206096469951415
19100,0.7201087058813753
19101,0.40825083839460374
19102,0.019160891963068333
19103,0.029977810030794225
19104,0.011246110786186555
19105,0.021467466207069463
19106,0.01794363863473625
19107,0.18859195682328997
19108,0.05208286852810387
19109,0.08977393829813216
19110,0.07318581415436386
19111,0.18762243443826893
19112,0.009767786620898071
19113,0.11484007257275688
19114,0.024533094590644098
19115,0.09527924324056475
19116,0.08370261065729867
19117,0.18828046924351508
19118,0.025767782419260275
19119,0.24005034702402023
19120,0.02734246629861471
19121,0.04792312256288882
19122,0.021818396490032015
19123,0.027594246326424536
19124,0.035916542627699305
19125,0.01306824994017801
19126,0.16253226053359027
19127,0.010794017569510933
19128,0.04679784447694239
19129,0.009399049383510558
19130,0.884064768903447
19131,0.028792542077083268
19132,0.46351267449517003
19133,0.016205633361317494
19134,0.01208692052843304
19135,0.8608968731257488
19136,0.44613432793485774
19137,0.017764819664789225
19138,0.028142879895805224
19139,0.007930623577228076
19140,0.040647831843261255
19141,0.20136384737952534
19142,0.8340298282813995
19143,0.18725229225665804
19144,0.168561398181076
19145,0.011067024436837098
19146,0.012215736312627243
19147,0.007780394309472917
19148,0.16467587694727062
19149,0.08542513271041731
19150,0.08746183693045133
19151,0.007954536234131171
19152,0.802106789372496
19153,0.9835580041528419
19154,0.18446821412916595
19155,0.04524418587033519
19156,0.2766737587361994
19157,0.19220941650390005
19158,0.026024737212450483
19159,0.13148741483852142
19160,0.9561332356507091
19161,0.3181024820667248
19162,0.07800741702251417
19163,0.040255650225800195
19164,0.08776011488329978
19165,0.016212792661183004
19166,0.007930623577228076
19167,0.052420599812384956
19168,0.7881600008722663
19169,0.06257242767817589
19170,0.7148678956532993
19171,0.0472907191093684
19172,0.09696850347781347
19173,0.058347261033929135
19174,0.011691401364808802
19175,0.022972726686076608
19176,0.024015520000845513
19177,0.02698100849645459
19178,0.023550083434191082
19179,0.04169524255247777
19180,0.04024249594717699
19181,0.05635980744033294
19182,0.562389644700268
19183,0.06960804932613172
19184,0.06890605738569483
19185,0.01466501187700969
19186,0.20727270608134413
19187,0.40415294588794204
19188,0.3666608181557059
19189,0.03786413890640033
19190,0.04622801030604795
19191,0.17523920411053415
19192,0.5986365773523861
19193,0.04789431083952508
19194,0.13148741483852142
19195,0.03511003605801515
19196,0.835245617801758
19197,0.054491833401297346
19198,0.06880352536845163
19199,0.9303519451256781
19200,0.8487947269743004
19201,0.1458219550350114
19202,0.7173896809682618
19203,0.01963082532232924
19204,0.012142894092584131
19205,0.058155564256049716
19206,0.022860348601840778
19207,0.8982292783968034
19208,0.011651630620405194
19209,0.8501269901023393
19210,0.862496442749124
19211,0.5165259469148108
19212,0.9765588414025055
19213,0.01794363863473625
19214,0.04398544551925866
19215,0.3759160566382187
19216,0.01224166282003875
19217,0.011011235395910531
19218,0.29131042402082336
19219,0.021533334708118166
19220,0.32176815089228783
19221,0.03087469525470022
19222,0.10244518857450076
19223,0.009566601534916319
19224,0.40673878806092384
19225,0.3525639984364793
19226,0.6413265634517765
19227,0.10593416923317521
19228,0.01870752624684905
19229,0.03347049155261762
19230,0.17220940934671583
19231,0.021581835281563447
19232,0.024466746684384064
19233,0.007071445770252382
19234,0.039390655862831414
19235,0.01402434938788607
19236,0.02770526200540629
19237,0.41563030755554015
19238,0.04629574630607323
19239,0.009100822523413921
19240,0.0069424869100203485
19241,0.03547918329587502
19242,0.02301095740395636
19243,0.9257340942638306
19244,0.03722438117735854
19245,0.18115968535174173
19246,0.007641210997423259
19247,0.7457127060501362
19248,0.01707012940242579
19249,0.008060588650482684
19250,0.45941387324855804
19251,0.02132602460577761
19252,0.016173756734296843
19253,0.00808032318994974
19254,0.01167300059271441
19255,0.06782437828331146
19256,0.038532180755356873
19257,0.052303941472321695
19258,0.916584834218261
19259,0.9371142917071001
19260,0.7539843840762044
19261,0.08214275226165807
19262,0.0238458393496288
19263,0.00789768030867845
19264,0.47434243943052024
19265,0.016548303221274815
19266,0.03526623309183531
19267,0.011933140985014683
19268,0.35682273811872445
19269,0.06911630083858393
19270,0.04607782011925065
19271,0.17735528429630373
19272,0.3618486604883753
19273,0.013838354288854849
19274,0.009694067608395184
19275,0.2684801851014031
19276,0.07229525908542013
19277,0.013387952004470521
19278,0.5453125271948844
19279,0.01930842021358137
19280,0.05315302918648894
19281,0.011773489854519283
19282,0.003444139556506521
19283,0.013317007471961781
19284,0.013490294697591693
19285,0.5431837164328482
19286,0.009100822523413921
19287,0.027238548501178964
19288,0.06850784333588801
19289,0.06412552574109293
19290,0.22102105968120989
19291,0.05456778742388969
19292,0.5738637447671174
19293,0.7277944855115329
19294,0.009445624244388249
19295,0.006609780597879455
19296,0.0651672478998352
19297,0.056284060243916766
19298,0.9310194233747172
19299,0.022575634116380798
19300,0.01801525698939401
19301,0.11946886614445285
19302,0.16815655237815405
19303,0.10950472272947116
19304,0.7981610917844115
19305,0.34214939267417294
19306,0.041137944264521324
19307,0.05270742588852595
19308,0.20529752737490892
19309,0.27819144293243
19310,0.01167300059271441
19311,0.11540190725050478
19312,0.26258326172094854
19313,0.034482782067808845
19314,0.5865092105257591
19315,0.026382614461064297
19316,0.26223675437987554
19317,0.10576578948074163
19318,0.12140462999331494
19319,0.5144359737358243
19320,0.010124693310563473
19321,0.13681664199340354
19322,0.08915432069202688
19323,0.6012710993906027
19324,0.006293984124516687
19325,0.2640883061017331
19326,0.5225046065947484
19327,0.024758237824668794
19328,0.013048009023970545
19329,0.02098699982974767
19330,0.01626164068862869
19331,0.968916110753694
19332,0.040501207317389175
19333,0.03693996191682051
19334,0.01607119796731304
19335,0.010711327430614476
19336,0.05894297452196021
19337,0.9714400396982552
19338,0.43421236232641325
19339,0.005214284857948452
19340,0.11917665184392036
19341,0.19237829308883359
19342,0.03705537525857786
19343,0.04942839485219011
19344,0.08399110774134233
19345,0.09400721785655222
19346,0.009688177590774574
19347,0.038727941315909925
19348,0.029623446747721327
19349,0.5674486475426115
19350,0.06199496003738377
19351,0.05109918587037856
19352,0.6134255716100292
19353,0.13231530006114817
19354,0.0673997672466093
19355,0.05854322483594297
19356,0.04732140758038588
19357,0.04262218660698565
19358,0.09906309934352132
19359,0.24353995407649287
19360,0.2206541543567948
19361,0.02381914654854518
19362,0.3670992058589263
19363,0.02805036522434837
19364,0.3759160566382187
19365,0.44797370148407994
19366,0.01167300059271441
19367,0.7227962999231365
19368,0.32442599289872776
19369,0.08642629902384213
19370,0.009100822523413921
19371,0.7188883510565035
19372,0.01233454817981417
19373,0.009227788192362812
19374,0.025136305574131348
19375,0.042708424827883285
19376,0.007733726523345514
19377,0.9008003352064141
19378,0.20632265698977104
19379,0.012318872687516184
19380,0.009100822523413921
19381,0.021862338902587482
19382,0.07957719204698864
19383,0.015744798050004363
19384,0.011442446825553305
19385,0.025318792450271698
19386,0.01883309745179617
19387,0.017240207013906238
19388,0.22494970023617689
19389,0.9553978995085625
19390,0.49622301254406825
19391,0.81362938081812
19392,0.04121628488810424
19393,0.01676723313600719
19394,0.1191077578087709
19395,0.05287061453811751
19396,0.027515182028887107
19397,0.7991826498673944
19398,0.2275061311105517
19399,0.009100822523413921
19400,0.4563565871496046
19401,0.21687779456457473
19402,0.027633112155180977
19403,0.15046293295013627
19404,0.013140741657760214
19405,0.007930623577228076
19406,0.38415362736346687
19407,0.21184285060091615
19408,0.04920185845115961
19409,0.022972726686076608
19410,0.005319212526525488
19411,0.007641210997423259
19412,0.01225982369557585
19413,0.015779111601517223
19414,0.38272046564705564
19415,0.030305650638623553
19416,0.24595179558135216
19417,0.9859433749088293
19418,0.03343141410134716
19419,0.026908458972355116
19420,0.10608146858902047
19421,0.5500315763845852
19422,0.06429521712595641
19423,0.1614811476583998
19424,0.7705834661563701
19425,0.0063168541764691295
19426,0.008548453252116417
19427,0.05861627146369383
19428,0.029710229073120927
19429,0.08576655047233187
19430,0.013069347617219446
19431,0.03267907073241578
19432,0.01460988489083324
19433,0.036853555166471465
19434,0.7366016513661574
19435,0.08701198753109425
19436,0.008644117021945615
19437,0.9459604759214519
19438,0.028387977365296465
19439,0.5850152744026792
19440,0.08919642119420773
19441,0.029618331337341385
19442,0.2306921603434638
19443,0.020248723022673387
19444,0.006377010154835523
19445,0.06864414821568798
19446,0.022415645988130846
19447,0.019967066766007097
19448,0.21492764569904327
19449,0.007930623577228076
19450,0.03483697153097383
19451,0.41277706057269964
19452,0.014588390416246814
19453,0.0713534363410109
19454,0.6657563745919466
19455,0.11921033859693102
19456,0.5617487687907262
19457,0.27367833498935157
19458,0.1618569772314657
19459,0.01854406752520607
19460,0.973157129416732
19461,0.023446776569984444
19462,0.016813929269073043
19463,0.02443982527700471
19464,0.1338680860887788
19465,0.08541940961908798
19466,0.01794363863473625
19467,0.05264303366085019
19468,0.8911042960087252
19469,0.009807166281749493
19470,0.10004605631759678
19471,0.4682631434088051
19472,0.8342299397122476
19473,0.022972726686076608
19474,0.058155564256049716
19475,0.07994281684137688
19476,0.009845929416169293
19477,0.8704085002047525
19478,0.19926181250597108
19479,0.0073117313860926415
19480,0.09092545316421168
19481,0.6017831166982425
19482,0.2588027899870027
19483,0.009100822523413921
19484,0.016748526097788975
19485,0.007930623577228076
19486,0.9042136304231051
19487,0.19460686885845885
19488,0.06056840343880368
19489,0.23053005634212037
19490,0.007930623577228076
19491,0.10701381257194928
19492,0.06109457450884165
19493,0.36260210026640705
19494,0.24852584456344678
19495,0.03613884041887383
19496,0.7276992275861928
19497,0.06926214321055128
19498,0.13148741483852142
19499,0.020042452147963498
19500,0.66191427306373
19501,0.017914612487622827
19502,0.9539285526635015
19503,0.5655871802113297
19504,0.9606062329942453
19505,0.11325660435224838
19506,0.1721068272718119
19507,0.6645025227035392
19508,0.14816610729030016
19509,0.021533334708118166
19510,0.023045189376836275
19511,0.0577113553401039
19512,0.09824963543642269
19513,0.026020118332683844
19514,0.01430230748533748
19515,0.4706709925748911
19516,0.36784284938492007
19517,0.10035538809620072
19518,0.049772890940467385
19519,0.010867777357712787
19520,0.01102630152754254
19521,0.08216044711884188
19522,0.5890984568178995
19523,0.20787548629720237
19524,0.20497456701696587
19525,0.02609527799883198
19526,0.017311333597117704
19527,0.31430408403545657
19528,0.6017831166982425
19529,0.029977810030794225
19530,0.8221090263918548
19531,0.023619307293059374
19532,0.2648864908924814
19533,0.0562541230265253
19534,0.2669781788009906
19535,0.1477505483900153
19536,0.11037855586169375
19537,0.01674849062481048
19538,0.2160926193810478
19539,0.7484533107942938
19540,0.6426711604450265
19541,0.02115953232440745
19542,0.018477090289386697
19543,0.019160891963068333
19544,0.8002712766963865
19545,0.7894800799166772
19546,0.7438412921902836
19547,0.021429853989699387
19548,0.011798988284403998
19549,0.01737699029170901
19550,0.18122953713175494
19551,0.12254444406426837
19552,0.012732704631291126
19553,0.02081953663649797
19554,0.11978202411054722
19555,0.025500279639258966
19556,0.016142444522715016
19557,0.9639903299980553
19558,0.009566601534916319
19559,0.04641012102329755
19560,0.02335496065572721
19561,0.9719496199766463
19562,0.19018877023329386
19563,0.10404582541364689
19564,0.028617591015139804
19565,0.13040014902904068
19566,0.44178314816414904
19567,0.8491302385797778
19568,0.01794363863473625
19569,0.1543568415620249
19570,0.06139766655346457
19571,0.01951463754387221
19572,0.06966988268015294
19573,0.01513247930259887
19574,0.038071957211152294
19575,0.20507686985376347
19576,0.6238757642273117
19577,0.015300380829022207
19578,0.010256853810082789
19579,0.20967209345898422
19580,0.03151300257999515
19581,0.43851456574977554
19582,0.10560532955214363
19583,0.006656081537168583
19584,0.04205412811736971
19585,0.009610800382957753
19586,0.19509039114345922
19587,0.1005222077731384
19588,0.06350449025628045
19589,0.04169524255247777
19590,0.18859195682328997
19591,0.30427048479622665
19592,0.047959444892270504
19593,0.9656286160803227
19594,0.18289927223544597
19595,0.09717101438867463
19596,0.13565443936137644
19597,0.08034191335968083
19598,0.016273172892100497
19599,0.02300546616370877
19600,0.012633091501359665
19601,0.9335501601824391
19602,0.9064924412913582
19603,0.9340871032071825
19604,0.03547918329587502
19605,0.4244750844802282
19606,0.09764541907350124
19607,0.03454851410983112
19608,0.034048410965475194
19609,0.015779956898877474
19610,0.3792244273030261
19611,0.4474222420082625
19612,0.21697889771553536
19613,0.02851381513028079
19614,0.058155564256049716
19615,0.03125739017726326
19616,0.01167300059271441
19617,0.008486634512933754
19618,0.48052775640882944
19619,0.07324090296969718
19620,0.08404164641805181
19621,0.02630213337492195
19622,0.8252680252725975
19623,0.011004498734648495
19624,0.4369535203225992
19625,0.017141018506764253
19626,0.6161745056639147
19627,0.03548986111777714
19628,0.32958234330517655
19629,0.011207311302196375
19630,0.03547918329587502
19631,0.8680512775980298
19632,0.4038456843302412
19633,0.05343180836830211
19634,0.02818217513396858
19635,0.04728507795701716
19636,0.21312429153832052
19637,0.8652501790586727
19638,0.04339255352613418
19639,0.012352066525289092
19640,0.0447798585960944
19641,0.01167300059271441
19642,0.028554616186544222
19643,0.007420861725405857
19644,0.012158710355053325
19645,0.13016914969489707
19646,0.10929186644314086
19647,0.01897273084350506
19648,0.037745098984579444
19649,0.18430915699174547
19650,0.009100822523413921
19651,0.013944013560907872
19652,0.13565443936137644
19653,0.026794686017796648
19654,0.9497815971718865
19655,0.02237513547055129
19656,0.11180792514579217
19657,0.055148467739039704
19658,0.8841105943036733
19659,0.013268592021545693
19660,0.23226760281084624
19661,0.12672194901966471
19662,0.14046416763208636
19663,0.01854406752520607
19664,0.8180406426120181
19665,0.013197739386720222
19666,0.0781722276780296
19667,0.09469477134014577
19668,0.012215736312627243
19669,0.008695239306957024
19670,0.2326613851659444
19671,0.2549357511190074
19672,0.06782437828331146
19673,0.02074882904496202
19674,0.21900837121619982
19675,0.545165293566197
19676,0.033106551523008586
19677,0.0067932000165688775
19678,0.005105206189596692
19679,0.06580369716470155
19680,0.016601081548499763
19681,0.7627262425549328
19682,0.9682213460570366
19683,0.12131597576197549
19684,0.12563702046670877
19685,0.8017574180727711
19686,0.01442401729962811
19687,0.1392552707103507
19688,0.008417152925601532
19689,0.07567678609581778
19690,0.5955066429041139
19691,0.043459085684066825
19692,0.9355921752903618
19693,0.027218105126675506
19694,0.01854406752520607
19695,0.03101698176139076
19696,0.022410357962045765
19697,0.5428863999971905
19698,0.036246958804121814
19699,0.4904663296474568
19700,0.007641210997423259
19701,0.007930623577228076
19702,0.7870342986826596
19703,0.047424874607121456
19704,0.06737276254530383
19705,0.06097623012869304
19706,0.5759463035494675
19707,0.008272094061907537
19708,0.015461947753474679
19709,0.00799915662191307
19710,0.017609843889568388
19711,0.9420333343077493
19712,0.04639626840526111
19713,0.009566705375912832
19714,0.36627901122663087
19715,0.13180646047880973
19716,0.014223861403791477
19717,0.07127968546666405
19718,0.029295684608924632
19719,0.01539240275151295
19720,0.22922328339027825
19721,0.009100822523413921
19722,0.6318625552041924
19723,0.9272195317791646
19724,0.013384514962224923
19725,0.18868222282076064
19726,0.01597747740902053
19727,0.12131597576197549
19728,0.17557429388516105
19729,0.05377241881685107
19730,0.04159994602678418
19731,0.27528495687000815
19732,0.21915713604714795
19733,0.014901822615046427
19734,0.17422534169150997
19735,0.03267907073241578
19736,0.06599131802069495
19737,0.9615709552635023
19738,0.8451380104314363
19739,0.40615081240446016
19740,0.012215736312627243
19741,0.017914612487622827
19742,0.06210227400819047
19743,0.7507963861873703
19744,0.008866124224930624
19745,0.02279678878489412
19746,0.040301508998570414
19747,0.04028147158611006
19748,0.06087212731654327
19749,0.01363213638642721
19750,0.02605604423893194
19751,0.46231774963775196
19752,0.04496258051262171
19753,0.009999959844045015
19754,0.05873913443318743
19755,0.015198423582696078
19756,0.021467466207069463
19757,0.02722660014957841
19758,0.7121595769028856
19759,0.16548397351614638
19760,0.06352110330265337
19761,0.0071438857342975455
19762,0.007122723322327159
19763,0.01317204685900256
19764,0.8300280225341382
19765,0.022360465929031913
19766,0.8745364410495338
19767,0.3070664300357216
19768,0.9897191151953276
19769,0.013388297433973443
19770,0.016709443328966345
19771,0.00789768030867845
19772,0.012881507741750916
19773,0.179458380376738
19774,0.9697765044056038
19775,0.03729359264398904
19776,0.007822772156324915
19777,0.3630458356543568
19778,0.15629495088312645
19779,0.08428945807054392
19780,0.01960380953164538
19781,0.19186710235713506
19782,0.0447798585960944
19783,0.035269437808624696
19784,0.1660269880375304
19785,0.024825706968054955
19786,0.009100822523413921
19787,0.004987329370596053
19788,0.06453990518105944
19789,0.023135369278724182
19790,0.8511685822219838
19791,0.4413066961523982
19792,0.025500279639258966
19793,0.3394524399081727
19794,0.8173313332918191
19795,0.005763364703046914
19796,0.08370261065729867
19797,0.10134989006313523
19798,0.012826531959839849
19799,0.9658332909994286
19800,0.012713901246312345
19801,0.08143247360353191
19802,0.02507731475562244
19803,0.11308601483959022
19804,0.9450454294691489
19805,0.1327359946860549
19806,0.015544479137544039
19807,0.09912093512890757
19808,0.07018874866220504
19809,0.014092050991120415
19810,0.045949723028183134
19811,0.013442722824473516
19812,0.016813929269073043
19813,0.01121761150201599
19814,0.051850134700405934
19815,0.05699215606600666
19816,0.08905623217398172
19817,0.0271140109868074
19818,0.1279637051414087
19819,0.01397165079067834
19820,0.06326170193790591
19821,0.022972726686076608
19822,0.009710260438041796
19823,0.05976439203274755
19824,0.06405461712980721
19825,0.06569550568017885
19826,0.0819875792514988
19827,0.1280236279260878
19828,0.09481276623743672
19829,0.6184459355228843
19830,0.026417673101321985
19831,0.02817737601016326
19832,0.13283437506824572
19833,0.4984812082655096
19834,0.0246110557830845
19835,0.38264878257429674
19836,0.01794363863473625
19837,0.010543308018733752
19838,0.0317735185933401
19839,0.20095565983736996
19840,0.2052011898592906
19841,0.4147555139776721
19842,0.0544479064970074
19843,0.16616548536507433
19844,0.06561291789202565
19845,0.44011495649554233
19846,0.019887083997689917
19847,0.028190139047637893
19848,0.12265584343370955
19849,0.04641012102329755
19850,0.012215736312627243
19851,0.015489397638433974
19852,0.10124894437517254
19853,0.10633177655668932
19854,0.9434529541990707
19855,0.05224439442574241
19856,0.107733224272864
19857,0.6014063698337575
19858,0.20844223379502794
19859,0.7565407655205095
19860,0.6373218523939058
19861,0.9961291277590585
19862,0.04910154763006491
19863,0.20788349948332496
19864,0.05924756592887427
19865,0.05016682382885615
19866,0.07635991373185855
19867,0.031585261579711574
19868,0.030915204013535737
19869,0.023035140370503877
19870,0.05297851820580045
19871,0.15401264871128456
19872,0.03543764700457014
19873,0.33240000315854124
19874,0.02330564207824782
19875,0.1248004910479172
19876,0.008691752604274216
19877,0.056065736207925536
19878,0.010259757588787978
19879,0.01189008488337835
19880,0.056284060243916766
19881,0.09012487524958344
19882,0.016761173975057275
19883,0.04582963800848105
19884,0.14785560730207792
19885,0.9763439329380765
19886,0.09799122927730161
19887,0.012230488199457157
19888,0.9238352496059755
19889,0.2704502041638765
19890,0.06348342230273782
19891,0.31187956351411406
19892,0.05306319193856142
19893,0.04641012102329755
19894,0.024582172831328998
19895,0.6294493273192581
19896,0.012274215029991603
19897,0.6445510485332723
19898,0.06859688953827013
19899,0.03751639934114982
19900,0.11799337377090348
19901,0.2672891438475824
19902,0.022972726686076608
19903,0.14502169618527136
19904,0.016548014966574168
19905,0.02565236955065434
19906,0.1786985720593104
19907,0.024358804628434563
19908,0.01696101333310261
19909,0.157455845031128
19910,0.7177721395122653
19911,0.3362810088008203
19912,0.017348429723196404
19913,0.039183366214315216
19914,0.02825293095010516
19915,0.4049326507988254
19916,0.025210047544563137
19917,0.03483697153097383
19918,0.0109148347631251
19919,0.031675202460795325
19920,0.039398633464429345
19921,0.06294662039688989
19922,0.45151856130702656
19923,0.03023221437212177
19924,0.2622067686279705
19925,0.15526085595027064
19926,0.24229823485570123
19927,0.4176568413127651
19928,0.03040427456101562
19929,0.22458674246348895
19930,0.035857595531350546
19931,0.031726074934347225
19932,0.19648448277047534
19933,0.008391382453485453
19934,0.039365096432507775
19935,0.02974046180043223
19936,0.00980841424744293
19937,0.11917665184392036
19938,0.02454883897962673
19939,0.027563743936967384
19940,0.013944013560907872
19941,0.018315857063378543
19942,0.00726835060087845
19943,0.014715089533176847
19944,0.04759144887058544
19945,0.045379823535695626
19946,0.052723496984679805
19947,0.02572322874913459
19948,0.12214764730643718
19949,0.021212352243957462
19950,0.1700972010872932
19951,0.28288110383026915
19952,0.04352149816965614
19953,0.34178617421924196
19954,0.02845808851837779
19955,0.02820324251033434
19956,0.3181024820667248
19957,0.01849939463409076
19958,0.012641547506390663
19959,0.044015194846464996
19960,0.08081639129089149
19961,0.04177058542709475
19962,0.0322533137023124
19963,0.01845468110637046
19964,0.016095377439040378
19965,0.01637883120000527
19966,0.16596609467135143
19967,0.1471803840517853
19968,0.7471465632168904
19969,0.7235825486282653
19970,0.3183269163929487
19971,0.008803288378708304
19972,0.013962834404088029
19973,0.9087389037472854
19974,0.007253642493815478
19975,0.9717650255909732
19976,0.08857663297350699
19977,0.01758429327239996
19978,0.014292815014274153
19979,0.7446445158638137
19980,0.1165483966391849
19981,0.05430976612309741
19982,0.1011175382504846
19983,0.5955518812751335
19984,0.6317007240432367
19985,0.2683631693005587
19986,0.007280183568555627
19987,0.9819703331644665
19988,0.024266159228301932
19989,0.017914612487622827
19990,0.14279950175456305
19991,0.017255677687425024
19992,0.9637152515017469
19993,0.07991855042958074
19994,0.3808936218495169
19995,0.03908877837300614
19996,0.07180458527060571
19997,0.013387952004470521
19998,0.013294277401911738
19999,0.01120109032511901
20000,0.01794363863473625
20001,0.012136786596826021
20002,0.09092545316421168
20003,0.1870470445338393
20004,0.11175221349466419
20005,0.33870818220224724
20006,0.9742430569270847
20007,0.2792572594288398
20008,0.3528206330528674
20009,0.02090683023212494
20010,0.01470436109970803
20011,0.046850367165959896
20012,0.01470436109970803
20013,0.05802123261726969
20014,0.07308744409232644
20015,0.07569506625119864
20016,0.01308346434513799
20017,0.031135377917771993
20018,0.012158710355053325
20019,0.02979780206142933
20020,0.022850973516366075
20021,0.031585261579711574
20022,0.1943174467517221
20023,0.0723948157781001
20024,0.057690966050682295
20025,0.009503243651511197
20026,0.05912250529525298
20027,0.9711462045274932
20028,0.019160891963068333
20029,0.7438412921902836
20030,0.07351606510114786
20031,0.009655356558083951
20032,0.09696668458658166
20033,0.30604860865866435
20034,0.02176602459991639
20035,0.20366060055560228
20036,0.02047263062552668
20037,0.1157044275389818
20038,0.9851910472437526
20039,0.3680383760622595
20040,0.02385116756694017
20041,0.016761173975057275
20042,0.025964121931164538
20043,0.04054815299714109
20044,0.014817626789445008
20045,0.2836374854551936
20046,0.9281537323352022
20047,0.9838243802363913
20048,0.010959126615534233
20049,0.7233545426244755
20050,0.3555133194947174
20051,0.045995636972704666
20052,0.020436074623373067
20053,0.9527064784362701
20054,0.013027308451163025
20055,0.17740796200121337
20056,0.008646015702699208
20057,0.040660438512281565
20058,0.2609718014167502
20059,0.11368007214776238
20060,0.05664463033724179
20061,0.020139650738510238
20062,0.0765144897762606
20063,0.004927375764270281
20064,0.0418417909455101
20065,0.3250447441644986
20066,0.4147555139776721
20067,0.1350314756840281
20068,0.1575914064411588
20069,0.492155131614272
20070,0.021916016258507545
20071,0.022588239620970816
20072,0.16896090919595375
20073,0.08060412607383385
20074,0.013387952004470521
20075,0.05257359683510529
20076,0.43141391761452935
20077,0.08216486923099801
20078,0.016569760575266476
20079,0.016205633361317494
20080,0.261841051596975
20081,0.7262826486858405
20082,0.056239052815362886
20083,0.1640600252931813
20084,0.9439747916091492
20085,0.016813929269073043
20086,0.0231078455001473
20087,0.05017275467762043
20088,0.07810071843614752
20089,0.011796798046870836
20090,0.23922276071403092
20091,0.2148491792423278
20092,0.01874208892812316
20093,0.2519190896884644
20094,0.1268855154887968
20095,0.49749023050037294
20096,0.7897506593296663
20097,0.31851118668668826
20098,0.009566933568232952
20099,0.028449645117025735
20100,0.851827592854111
20101,0.17230687315682122
20102,0.08784319796605586
20103,0.022243059279199978
20104,0.742526718160225
20105,0.01794363863473625
20106,0.21271619128726904
20107,0.6868733537489157
20108,0.017874316455815612
20109,0.9122046158346823
20110,0.5738115588143635
20111,0.01742846716823766
20112,0.03547918329587502
20113,0.012455087228648527
20114,0.886562450627896
20115,0.865398061964711
20116,0.26486195549948127
20117,0.010165625605485708
20118,0.011596456644485074
20119,0.11755453261179062
20120,0.03483697153097383
20121,0.013676074505396185
20122,0.25340910059141375
20123,0.053002791557377624
20124,0.18698063934287645
20125,0.10355339626605528
20126,0.09870180205462589
20127,0.08286429988871305
20128,0.9236455559276273
20129,0.1700096557500949
20130,0.5334178840901449
20131,0.033275193994607676
20132,0.10492618677673837
20133,0.005620560023100517
20134,0.15329092290382013
20135,0.5850152744026792
20136,0.009920718358006874
20137,0.01640700431992329
20138,0.9801504408658362
20139,0.022752129152561015
20140,0.33687217892556404
20141,0.026245303670675645
20142,0.06549496644442263
20143,0.06898393043712117
20144,0.05374743080343394
20145,0.012659317875151779
20146,0.032874390339553035
20147,0.07074321084992449
20148,0.010304138552602165
20149,0.5007009110640145
20150,0.048487325572231565
20151,0.9703260953734998
20152,0.012493860796377413
20153,0.12006153795304284
20154,0.016578165745592364
20155,0.02609527799883198
20156,0.017680377154806325
20157,0.2022368096895674
20158,0.0304591227081504
20159,0.08188485135879159
20160,0.9717519390643468
20161,0.030176489890432416
20162,0.013746323214734357
20163,0.024394511195804287
20164,0.4084800524306664
20165,0.035940417134659085
20166,0.011730679120334594
20167,0.514004321813087
20168,0.006751815992249599
20169,0.011716824334834161
20170,0.022972726686076608
20171,0.7397795323766981
20172,0.626651605966261
20173,0.9699875772681226
20174,0.04702789230938443
20175,0.6900145637261578
20176,0.03186442481761934
20177,0.012215736312627243
20178,0.015722571445409502
20179,0.04451937167462084
20180,0.021533334708118166
20181,0.01784094224006533
20182,0.11335422886287633
20183,0.011442446825553305
20184,0.912318423574883
20185,0.2907986708656414
20186,0.023737055296590655
20187,0.010549634507929914
20188,0.25240480126697573
20189,0.13772679408228436
20190,0.8038651598438301
20191,0.01741713410551042
20192,0.8778800780064783
20193,0.08805491709781281
20194,0.030205159597915875
20195,0.7888337464216689
20196,0.010379648641216056
20197,0.03267907073241578
20198,0.025010724546830933
20199,0.04897069526200936
20200,0.00799915662191307
20201,0.2232123178112771
20202,0.012755405084207468
20203,0.35209808346634985
20204,0.11019541437596686
20205,0.006223375623838601
20206,0.03358071158999322
20207,0.8709094590725512
20208,0.027792434534505386
20209,0.026243453021753
20210,0.01394541102716601
20211,0.04224434135833046
20212,0.9253037961015597
20213,0.023691216600393812
20214,0.408924176778655
20215,0.31754023270430953
20216,0.02197026288318427
20217,0.026116902249342266
20218,0.16916220619475064
20219,0.9809123803432104
20220,0.14172881261533676
20221,0.6928209012035464
20222,0.01604265718577439
20223,0.040829022592428904
20224,0.06343841718759288
20225,0.09138720614605651
20226,0.01167300059271441
20227,0.7100918310839417
20228,0.9107492648946125
20229,0.16759192854882268
20230,0.011442446825553305
20231,0.775666837921305
20232,0.3783440936877905
20233,0.023092451309415687
20234,0.013969265371383705
20235,0.04433181409964858
20236,0.5031153986829359
20237,0.59553053407662
20238,0.09628299633465677
20239,0.003642680580904403
20240,0.008375581895631357
20241,0.035269437808624696
20242,0.027430354890125398
20243,0.010863879747654338
20244,0.011442446825553305
20245,0.4658790397837146
20246,0.8786564409390161
20247,0.034671824200478776
20248,0.014416730013398249
20249,0.41272430716994635
20250,0.030759109980777133
20251,0.028427277139382597
20252,0.020283715662379867
20253,0.013661606574270482
20254,0.06070763280408693
20255,0.12170710361562538
20256,0.7716440283882164
20257,0.9558828003030951
20258,0.3326268384029884
20259,0.277934640003999
20260,0.012215736312627243
20261,0.36627901122663087
20262,0.06317193471690455
20263,0.7853143560422218
20264,0.20366560908773204
20265,0.18324729709635815
20266,0.9030721817888551
20267,0.6063575131958095
20268,0.027661425193816855
20269,0.121443066115382
20270,0.05742209346467684
20271,0.3273981725295135
20272,0.026557073984465242
20273,0.07180074925177063
20274,0.062251633874776016
20275,0.007930623577228076
20276,0.4278372032727924
20277,0.8635115728142512
20278,0.03989986523154644
20279,0.6236077581038038
20280,0.017656356231376333
20281,0.11180509352516337
20282,0.04292895173877762
20283,0.6463227793943166
20284,0.008499834452852998
20285,0.6805587372259028
20286,0.015442693736172412
20287,0.020290375777912976
20288,0.02070117651015646
20289,0.8973617664438249
20290,0.0048947593374793034
20291,0.0059707961384678435
20292,0.9326240013830149
20293,0.7595448064175587
20294,0.007565394057681785
20295,0.04601229528390231
20296,0.19084481173937584
20297,0.027380618081908933
20298,0.022752129152561015
20299,0.864510878119097
20300,0.1684680811736471
20301,0.017390944997692476
20302,0.9637662094725697
20303,0.009819657076351265
20304,0.16775091693118593
20305,0.007930623577228076
20306,0.009233190990728385
20307,0.09307435256610538
20308,0.13378878921539356
20309,0.08602561153032669
20310,0.05315302918648894
20311,0.040156367192432166
20312,0.04683586503641349
20313,0.012215736312627243
20314,0.7282215108996063
20315,0.9564303820272368
20316,0.03989986523154644
20317,0.009023570122945634
20318,0.08417584160557456
20319,0.8982292783968034
20320,0.946781541165165
20321,0.03475014544227755
20322,0.1686391387418508
20323,0.014117661858701887
20324,0.8140393599954335
20325,0.011442446825553305
20326,0.07502283228036413
20327,0.03428873138767879
20328,0.03442427160844324
20329,0.3481958701316842
20330,0.745988711672073
20331,0.682663430041628
20332,0.5394919695393131
20333,0.14659326964664748
20334,0.9090916376171727
20335,0.7173911437107441
20336,0.07262160978216196
20337,0.0120038804761514
20338,0.17919660299413853
20339,0.7768006606432514
20340,0.017147621878309642
20341,0.13558758160916257
20342,0.017914612487622827
20343,0.5301288398702575
20344,0.01060297729268319
20345,0.6557111913579535
20346,0.14265619149563324
20347,0.02292129311608162
20348,0.7140290833661127
20349,0.00850529717813998
20350,0.0240067817811588
20351,0.09795280109863672
20352,0.05008719192780441
20353,0.013387952004470521
20354,0.4102465470956601
20355,0.022853669080903926
20356,0.013531876545131967
20357,0.6383506925828362
20358,0.034428206288029034
20359,0.07262160978216196
20360,0.2959830840839696
20361,0.026266784564666842
20362,0.022533260107446485
20363,0.016761173975057275
20364,0.9555504525973397
20365,0.008586107584529643
20366,0.020198863666016573
20367,0.028320926389205373
20368,0.017871872720636034
20369,0.01927028464360682
20370,0.08792502171406244
20371,0.09395750403449911
20372,0.025622700016668217
20373,0.17137471403942545
20374,0.007695017338283106
20375,0.03483697153097383
20376,0.024516538709101452
20377,0.43950060057118956
20378,0.007930623577228076
20379,0.1792470736931805
20380,0.01380183443349232
20381,0.6577900362465487
20382,0.016813929269073043
20383,0.9045161637394963
20384,0.0359410464181389
20385,0.008031549749053268
20386,0.011442446825553305
20387,0.034290657206481744
20388,0.05778270423960216
20389,0.04601229528390231
20390,0.5681563801668563
20391,0.3968752284934746
20392,0.11325660435224838
20393,0.08043735948603263
20394,0.9350996546158236
20395,0.03267907073241578
20396,0.12143462293098613
20397,0.009037313817603731
20398,0.8968589989422834
20399,0.02026927367697535
20400,0.06638238288132993
20401,0.8007720313332249
20402,0.8636018356846059
20403,0.011082699844585793
20404,0.006741158840839119
20405,0.01854406752520607
20406,0.024999588740657733
20407,0.3430417802295248
20408,0.6605772848626466
20409,0.5548384950317049
20410,0.7488746195902365
20411,0.07803235723361818
20412,0.019160891963068333
20413,0.060180967510377846
20414,0.9540450430434161
20415,0.8991321866747668
20416,0.007885567599244605
20417,0.0206096469951415
20418,0.016601081548499763
20419,0.02368002413602885
20420,0.01524691174890357
20421,0.3828051647415425
20422,0.014806801970534663
20423,0.05100247959658203
20424,0.10124894437517254
20425,0.009100822523413921
20426,0.7895797058769329
20427,0.007581232340264896
20428,0.9647663384522477
20429,0.11917665184392036
20430,0.005622815255021638
20431,0.014713695931832261
20432,0.10535761859733753
20433,0.028071252485755618
20434,0.11198682015767847
20435,0.012986724728254186
20436,0.012609329734395746
20437,0.8591446255838665
20438,0.9106361590213897
20439,0.051850134700405934
20440,0.03857649747379698
20441,0.027629316162643303
20442,0.020708364322694996
20443,0.22453608752460985
20444,0.26670179984577497
20445,0.10752400505366379
20446,0.019509070560428523
20447,0.6293344331373601
20448,0.22347073434242473
20449,0.8964845916104763
20450,0.8869519055776847
20451,0.9695350524364191
20452,0.09092836066364167
20453,0.018466852912228608
20454,0.07803235723361818
20455,0.04148920030595965
20456,0.006800597103539466
20457,0.00938343080551672
20458,0.2319421223083248
20459,0.8521435116612736
20460,0.45237335011701496
20461,0.022719570590409188
20462,0.012102380200061835
20463,0.07577421483363317
20464,0.015984633062926478
20465,0.01252052022444564
20466,0.024131178519615094
20467,0.9447020959932828
20468,0.035802752898038484
20469,0.3461554854646842
20470,0.008143655073850889
20471,0.28324352659299734
20472,0.06752128327539697
20473,0.01684565571741329
20474,0.010138736415118922
20475,0.03865483568538858
20476,0.18862879981922365
20477,0.8424256631224029
20478,0.09388884858804034
20479,0.370140128502663
20480,0.15492286136110786
20481,0.13380533054186908
20482,0.41404404204798106
20483,0.022268799949930203
20484,0.017415954083567494
20485,0.009100822523413921
20486,0.024563776045349095
20487,0.47144858810711154
20488,0.012325695505726292
20489,0.5352959354515492
20490,0.9448812088605048
20491,0.14113813337222306
20492,0.03919215390836272
20493,0.0288072422113733
20494,0.08601826685118155
20495,0.027115242643821733
20496,0.012158710355053325
20497,0.016615652960655838
20498,0.1270429817390061
20499,0.801266477253696
20500,0.012158710355053325
20501,0.012158710355053325
20502,0.4955771890860331
20503,0.2959830840839696
20504,0.030586560625454198
20505,0.922745449781103
20506,0.012838870657388549
20507,0.17363107094663982
20508,0.4637404233510756
20509,0.9065324177271914
20510,0.15070552693628042
20511,0.019440719431935767
20512,0.947454824712138
20513,0.3592135083369147
20514,0.03469568504971408
20515,0.7384170610444147
20516,0.01794363863473625
20517,0.05703864771039332
20518,0.010135571170329656
20519,0.06738478881198667
20520,0.041510740734891964
20521,0.6493033478110852
20522,0.00898165380792137
20523,0.059928241158676426
20524,0.06655471701128905
20525,0.05093225401084346
20526,0.0449952026036326
20527,0.11427158013427786
20528,0.02853538021922081
20529,0.1211546263802178
20530,0.046525287994858396
20531,0.12842813237560366
20532,0.21635129262073366
20533,0.06558491666873877
20534,0.009566601534916319
20535,0.08457595556115566
20536,0.017615059176525453
20537,0.8214755043677803
20538,0.05173616946553142
20539,0.020499129854507334
20540,0.45331292927160244
20541,0.02047263062552668
20542,0.05908918081710041
20543,0.21420463337671541
20544,0.8000170760249812
20545,0.10004605631759678
20546,0.0315685566128524
20547,0.13963062976266175
20548,0.8256767064052888
20549,0.11842544471479191
20550,0.08352258974125641
20551,0.013387952004470521
20552,0.3181024820667248
20553,0.013418451528241948
20554,0.08521921588614113
20555,0.03267907073241578
20556,0.0784547498468303
20557,0.21068029662079837
20558,0.008375581895631357
20559,0.009767786620898071
20560,0.02854218877162856
20561,0.009335774016856747
20562,0.012781552630087125
20563,0.020506827660699525
20564,0.04986815535108673
20565,0.10004605631759678
20566,0.19679891585617362
20567,0.058155564256049716
20568,0.02853780396090847
20569,0.03358071158999322
20570,0.039796286761806535
20571,0.007930623577228076
20572,0.04442963031934347
20573,0.0212467877926184
20574,0.21957125495947338
20575,0.02000779832100153
20576,0.13896258215979687
20577,0.35186321824014694
20578,0.719357180568331
20579,0.016958457978208108
20580,0.01097104374743246
20581,0.04314001512714894
20582,0.16792913487623834
20583,0.7682923394649397
20584,0.0068726008253227715
20585,0.0152596655564162
20586,0.027478168580154838
20587,0.07666775640266295
20588,0.026656543046062287
20589,0.9047227434777276
20590,0.3314976730604528
20591,0.0178339694717567
20592,0.795622121569347
20593,0.16340189997199225
20594,0.05588735450716063
20595,0.017916469571711807
20596,0.18488757795202018
20597,0.058155564256049716
20598,0.6233365808066585
20599,0.1475694775460576
20600,0.633078315345055
20601,0.013387952004470521
20602,0.4851555684323925
20603,0.04395659380617667
20604,0.038180800091005274
20605,0.021533334708118166
20606,0.29806567980591747
20607,0.0197344592503089
20608,0.9768927812574973
20609,0.8558984937608559
20610,0.4187511000819807
20611,0.10346201011061017
20612,0.03531967762889512
20613,0.31048593389526935
20614,0.9508959881543667
20615,0.6095660774410114
20616,0.20292694956649443
20617,0.016702468948778318
20618,0.030477981701944733
20619,0.009688177590774574
20620,0.196445825876021
20621,0.033198692833017754
20622,0.005850262616201003
20623,0.03220086598670316
20624,0.3900431696867868
20625,0.05909890952482039
20626,0.016205633361317494
20627,0.026670879287956955
20628,0.2735903186747075
20629,0.8647036573247943
20630,0.07807979407817793
20631,0.034820123295357545
20632,0.07560563003799012
20633,0.00799915662191307
20634,0.7693853598286354
20635,0.07920302459552342
20636,0.012618939921966067
20637,0.13278675360551728
20638,0.22898665733320903
20639,0.033759451646462164
20640,0.3252472093617531
20641,0.10127003976771808
20642,0.014980954189938602
20643,0.07970873772628552
20644,0.4920978643336539
20645,0.21378809073836225
20646,0.014374835917085422
20647,0.10748395166613467
20648,0.08367489551348868
20649,0.025461186698902225
20650,0.12481311551870948
20651,0.05550556828388341
20652,0.0789349909764387
20653,0.23932330062065904
20654,0.5406112782329652
20655,0.026600297968271867
20656,0.7438412921902836
20657,0.1972647635282795
20658,0.03766545591424412
20659,0.6496729409113986
20660,0.18898928988573935
20661,0.021533334708118166
20662,0.012158710355053325
20663,0.09092545316421168
20664,0.014760699098199994
20665,0.009781373776325989
20666,0.04695009121442065
20667,0.01896284356823056
20668,0.03276239680568455
20669,0.3079184795165289
20670,0.9442642557838234
20671,0.016085101425221376
20672,0.9253920112325563
20673,0.09621662278804918
20674,0.013347119477975974
20675,0.012470645356829322
20676,0.11994807879482794
20677,0.04535669085413754
20678,0.030205159597915875
20679,0.039162198991503555
20680,0.5953743986615476
20681,0.009100822523413921
20682,0.3772876004011618
20683,0.60760227605408
20684,0.03547099505105628
20685,0.1063277126023281
20686,0.05118892602546075
20687,0.061092633403581356
20688,0.8405079372184425
20689,0.5174515023249061
20690,0.02726661685030502
20691,0.007641210997423259
20692,0.45924499733092367
20693,0.08738635771465879
20694,0.01640700431992329
20695,0.009114201462619799
20696,0.004564528812523721
20697,0.9695000015553698
20698,0.033118656776250845
20699,0.012108418265276448
20700,0.01067901354028824
20701,0.43424733489146883
20702,0.024103776912987665
20703,0.7438412921902836
20704,0.01562106244545061
20705,0.22651106531084986
20706,0.021914099311049002
20707,0.0304591227081504
20708,0.05572015454933909
20709,0.04905086697393837
20710,0.08964301173037498
20711,0.02327881291976564
20712,0.2151983344712018
20713,0.8216132560679255
20714,0.8161923060339505
20715,0.016718337105656372
20716,0.05023200333799946
20717,0.14172881261533676
20718,0.35252528518723025
20719,0.007930623577228076
20720,0.14816610729030016
20721,0.07538695641928371
20722,0.10360695438749244
20723,0.02074753641579723
20724,0.029977810030794225
20725,0.012215736312627243
20726,0.019823575489240904
20727,0.9064555723401758
20728,0.10220203427362338
20729,0.021035258440255694
20730,0.05119380489639779
20731,0.14144519189573618
20732,0.05274530705502611
20733,0.9096596742013172
20734,0.08292833123876102
20735,0.3973018090215524
20736,0.015115593780405464
20737,0.33203199269465006
20738,0.6742423918643918
20739,0.05315302918648894
20740,0.06685902451664932
20741,0.5851714895846086
20742,0.037840929029677894
20743,0.04462844575678281
20744,0.4843548529291939
20745,0.7804301139636763
20746,0.04604335266033271
20747,0.020573434018092508
20748,0.08011608287824405
20749,0.017659721078959724
20750,0.4057752208763637
20751,0.9719527547902346
20752,0.020655358601690245
20753,0.19971200414161544
20754,0.08613407446760564
20755,0.04910154763006491
20756,0.10240916514034208
20757,0.11490626282149302
20758,0.07262160978216196
20759,0.319401784201214
20760,0.024367140996579443
20761,0.0558974988788376
20762,0.33343078223115674
20763,0.012215736312627243
20764,0.7026576567855727
20765,0.11992006816442553
20766,0.07035516503629724
20767,0.5144060725069233
20768,0.018340261886757407
20769,0.04054815299714109
20770,0.012897990902923458
20771,0.08145275061357746
20772,0.028617591015139804
20773,0.004916938926238949
20774,0.03163181269230762
20775,0.02074509252502927
20776,0.14319695661969498
20777,0.02153602361466932
20778,0.03649618209671154
20779,0.7911002772666478
20780,0.8808341784762693
20781,0.0423317979374568
20782,0.02539412965139394
20783,0.6387909549262512
20784,0.019042271643359494
20785,0.008460498387265977
20786,0.9797808861918401
20787,0.06966988268015294
20788,0.5306915225566845
20789,0.5314243966097487
20790,0.0329080994103512
20791,0.7529925447755502
20792,0.022902805763712026
20793,0.009100822523413921
20794,0.011442446825553305
20795,0.08860512158057847
20796,0.7001818815690664
20797,0.4546195871801614
20798,0.02127165572552534
20799,0.1373463634976221
20800,0.6907942948783695
20801,0.5773684030521463
20802,0.13720355497706124
20803,0.7999297980335384
20804,0.14302491933621153
20805,0.07461829472985645
20806,0.38144033499225416
20807,0.02535162033878958
20808,0.04677970865842473
20809,0.1791816953539044
20810,0.11657637544592987
20811,0.1744528388481161
20812,0.10215611586161201
20813,0.021144654348085355
20814,0.04757038850357492
20815,0.6161745056639147
20816,0.09776983841662557
20817,0.007641210997423259
20818,0.013427533089339597
20819,0.02042200171982844
20820,0.36510342455702754
20821,0.5210575564038277
20822,0.04797393638529376
20823,0.005573044027874049
20824,0.027482536605824073
20825,0.20768216404260675
20826,0.03535198433923446
20827,0.12464056028640232
20828,0.28031232155214236
20829,0.29258224277063244
20830,0.7301036269092592
20831,0.25638256083880767
20832,0.03267907073241578
20833,0.7641552511112653
20834,0.5223604722625345
20835,0.015482165670303643
20836,0.8627375250558473
20837,0.007881334822056857
20838,0.01896284356823056
20839,0.0893316740961841
20840,0.022533260107446485
20841,0.07923553694139546
20842,0.2550617744770764
20843,0.03548986111777714
20844,0.02556962211199018
20845,0.4638222766447128
20846,0.009819657076351265
20847,0.07019607313891676
20848,0.016354050758938872
20849,0.021750750816988136
20850,0.04182203180710485
20851,0.08260660867486701
20852,0.9422503325100196
20853,0.09106480043630702
20854,0.012158710355053325
20855,0.2521702386746662
20856,0.1980760825238001
20857,0.6310082098163146
20858,0.9640580929543181
20859,0.05909468339707223
20860,0.10240916514034208
20861,0.03885500029916662
20862,0.17880582109643908
20863,0.27017321892693774
20864,0.015001485531433802
20865,0.21399061689147997
20866,0.031629175891056224
20867,0.01060520517552646
20868,0.8831163241473935
20869,0.01599892515101705
20870,0.01252052022444564
20871,0.005787415470136936
20872,0.0418417909455101
20873,0.026981256408945817
20874,0.7692892088916203
20875,0.29223473539349976
20876,0.14396669589599675
20877,0.2897270663602874
20878,0.08592058649394312
20879,0.010124693310563473
20880,0.060942396426398114
20881,0.07445481820532682
20882,0.6011508393287559
20883,0.03691568314264224
20884,0.015194735156990222
20885,0.04582963800848105
20886,0.4140664252488752
20887,0.010792667880344782
20888,0.16193319963273586
20889,0.03428873138767879
20890,0.14172881261533676
20891,0.034068545063321076
20892,0.12619314829029582
20893,0.5427121537395393
20894,0.2046107874446042
20895,0.3477507353512856
20896,0.7715213267316128
20897,0.010165625605485708
20898,0.2803544364505422
20899,0.18112128625572332
20900,0.049040087920186895
20901,0.020898332429919366
20902,0.13560821570750925
20903,0.647807309239474
20904,0.01794363863473625
20905,0.05251580629515972
20906,0.05280712249435911
20907,0.025500279639258966
20908,0.009183003676864886
20909,0.01120109032511901
20910,0.309930321121739
20911,0.5088347245418056
20912,0.009183003676864886
20913,0.7020485461569893
20914,0.11676999504743564
20915,0.04010628540054586
20916,0.010077329251994366
20917,0.10871399469457119
20918,0.04912565433746112
20919,0.014191312258687784
20920,0.07537909740987019
20921,0.01575423973974458
20922,0.8839577955400975
20923,0.01466501187700969
20924,0.859541422619379
20925,0.14877535849880877
20926,0.9869249006669443
20927,0.02698100849645459
20928,0.138761857603094
20929,0.4045778536572778
20930,0.04169524255247777
20931,0.034640496812879076
20932,0.017843873021363282
20933,0.014654000806321602
20934,0.119769730126902
20935,0.03501006921570927
20936,0.9050143165503033
20937,0.012569995735593717
20938,0.05745640681928204
20939,0.02006082716054136
20940,0.18846617609754082
20941,0.020527511101421047
20942,0.06819602751483299
20943,0.19338632713537646
20944,0.6701655197005142
20945,0.02845808851837779
20946,0.914927808074238
20947,0.01794363863473625
20948,0.058155564256049716
20949,0.10865184658596572
20950,0.02372777368858488
20951,0.048853906103216355
20952,0.7438412921902836
20953,0.08001897166902298
20954,0.04942839485219011
20955,0.14605993728985728
20956,0.01794363863473625
20957,0.07021053461405469
20958,0.0204842315757759
20959,0.6886076842538782
20960,0.09564384163637107
20961,0.05095440299735171
20962,0.04480444797058222
20963,0.028716257804591507
20964,0.08688423699368263
20965,0.01110831751254792
20966,0.5977646838886259
20967,0.07146014684550785
20968,0.09212761483392859
20969,0.020686058444000392
20970,0.0056865932551284
20971,0.0270658162550614
20972,0.01676536287092554
20973,0.020844021602980586
20974,0.011442446825553305
20975,0.16452375037480213
20976,0.02349726116601633
20977,0.1949166092954349
20978,0.1338680860887788
20979,0.014822621996475438
20980,0.400999213870291
20981,0.05100247959658203
20982,0.014383568787935187
20983,0.057069296675853455
20984,0.015121170921222652
20985,0.028001131497522765
20986,0.13820493328226827
20987,0.9469358562404826
20988,0.7628396142625844
20989,0.16354620217171947
20990,0.7068233623501151
20991,0.885083136344398
20992,0.2552809819553234
20993,0.01036568847105871
20994,0.08592558600571885
20995,0.06468832079765414
20996,0.022596649768431776
20997,0.11917665184392036
20998,0.2828303943863862
20999,0.02680312287085995
21000,0.9585495130997572
21001,0.011513149984761658
21002,0.7888337464216689
21003,0.007179317022305642
21004,0.43890223563617436
21005,0.05281995423820261
21006,0.8967556641284163
21007,0.011805305773202872
21008,0.06982623160623928
21009,0.04089946273557564
21010,0.84132501704637
21011,0.06261064811792576
21012,0.029505380010817473
21013,0.009706874262161318
21014,0.18541953032235564
21015,0.2052011898592906
21016,0.10535761859733753
21017,0.00953295843996077
21018,0.017390944997692476
21019,0.05597704287983331
21020,0.04808397614106019
21021,0.032753439000287786
21022,0.8953261763178714
21023,0.09818846977939133
21024,0.7070897839630298
21025,0.2275061311105517
21026,0.06242201097429747
21027,0.932383799626051
21028,0.6776075181927097
21029,0.029458590143746917
21030,0.14816610729030016
21031,0.7596430349259733
21032,0.09284813435656945
21033,0.825419543976299
21034,0.7755419780844485
21035,0.031008883264044974
21036,0.975814249598765
21037,0.43896968504410583
21038,0.019823575489240904
21039,0.9296672656967729
21040,0.028427277139382597
21041,0.12456787924198216
21042,0.09384703983643414
21043,0.018018608868113344
21044,0.8000170760249812
21045,0.03891234983971289
21046,0.3129370568318129
21047,0.916584834218261
21048,0.035916542627699305
21049,0.9565196362822763
21050,0.013315973362683147
21051,0.3192787570332133
21052,0.030294513259152157
21053,0.11224565628547238
21054,0.5449385185903715
21055,0.024579693614108854
21056,0.07537909740987019
21057,0.9733423240588098
21058,0.01854406752520607
21059,0.7785165108111873
21060,0.9375500964478959
21061,0.1535024321622926
21062,0.013387952004470521
21063,0.016030504803300857
21064,0.43464333667282906
21065,0.24285191425741529
21066,0.011103677606995694
21067,0.015870668164946786
21068,0.12373697483396623
21069,0.0400403359081112
21070,0.15166179672155589
21071,0.5521806387048799
21072,0.011047362815855194
21073,0.3120442320128535
21074,0.03645126557549044
21075,0.05315302918648894
21076,0.016121422340612868
21077,0.12959382488606405
21078,0.22310285185500336
21079,0.8857144427071271
21080,0.026043536172228786
21081,0.9360670155576443
21082,0.042077190389201095
21083,0.04207452773466421
21084,0.3660373530781829
21085,0.01357690789040215
21086,0.14341425202996028
21087,0.10955166004288111
21088,0.23070939048825362
21089,0.08910075566468859
21090,0.09161699103128142
21091,0.015747729201260188
21092,0.2968505873031358
21093,0.01341595905294925
21094,0.03306751120901247
21095,0.061671789159735625
21096,0.02594968997852636
21097,0.09446886713744071
21098,0.05556300486445121
21099,0.0862158408869303
21100,0.06364693510519313
21101,0.003848770320464965
21102,0.014639862550142255
21103,0.09333956488921413
21104,0.1544733881354296
21105,0.007269299397013857
21106,0.7337024192879225
21107,0.051298648538201784
21108,0.16275151964076892
21109,0.9264138507457891
21110,0.6267667658644164
21111,0.9948103811343181
21112,0.009219812824532206
21113,0.028617591015139804
21114,0.8956268193677857
21115,0.22345170821930418
21116,0.9496301393292458
21117,0.043422414831415374
21118,0.014070930341397316
21119,0.916584834218261
21120,0.009412659970605723
21121,0.24955066574758977
21122,0.027443538781645363
21123,0.07263953915775383
21124,0.04054815299714109
21125,0.12054202372555838
21126,0.0065339189034493116
21127,0.016813929269073043
21128,0.007641210997423259
21129,0.047730635290162075
21130,0.8760186372435514
21131,0.4401063095343671
21132,0.06957983330588201
21133,0.026007229592886972
21134,0.024293737940439927
21135,0.8705915225286587
21136,0.02076207334834267
21137,0.012881507741750916
21138,0.011562528507117127
21139,0.06802014408868225
21140,0.6859160063355654
21141,0.022972726686076608
21142,0.015976118111409858
21143,0.036769309286902044
21144,0.009771814759463112
21145,0.01794363863473625
21146,0.04379671562691472
21147,0.23586959141647681
21148,0.11679840042389607
21149,0.02320628743663273
21150,0.029576099109409105
21151,0.8652352565463756
21152,0.01765457965707864
21153,0.3093038719848711
21154,0.020527511101421047
21155,0.037981385047548784
21156,0.5933811126918248
21157,0.04573883059103931
21158,0.31225408365545343
21159,0.021192458644606265
21160,0.01379670801422271
21161,0.009219812824532206
21162,0.043844183850197976
21163,0.7438412921902836
21164,0.021533334708118166
21165,0.23368571822906295
21166,0.9431651231748379
21167,0.1249274861518199
21168,0.014324424871459596
21169,0.5547323543458481
21170,0.4609436806880226
21171,0.13672859391233214
21172,0.22852853241242513
21173,0.0220077194403669
21174,0.9182758492125414
21175,0.21184285060091615
21176,0.02328240582558133
21177,0.7976070870002786
21178,0.44267265529436595
21179,0.006397206986871146
21180,0.8564092473771001
21181,0.1093318115637845
21182,0.01000084719397329
21183,0.013069826869856138
21184,0.7063518273236757
21185,0.04920489842868425
21186,0.012296713729129306
21187,0.00955737717951336
21188,0.0161795735381454
21189,0.010510599253313426
21190,0.019699054837975384
21191,0.7595512933172341
21192,0.14945504039476537
21193,0.17078818086452224
21194,0.9051956962695052
21195,0.036154693628171065
21196,0.19915797441475794
21197,0.009100822523413921
21198,0.021533334708118166
21199,0.619897517136138
21200,0.009566705375912832
21201,0.041886997875888204
21202,0.013577945998109135
21203,0.23394719950320725
21204,0.03310086585588501
21205,0.007930623577228076
21206,0.9412995069617593
21207,0.007930623577228076
21208,0.06073152449653305
21209,0.9280906503752472
21210,0.07316249832755056
21211,0.8377628642819467
21212,0.02148647520597747
21213,0.8965147793473696
21214,0.1536742978099293
21215,0.08832056433527323
21216,0.6278478658543146
21217,0.16700978219364687
21218,0.014101360351484377
21219,0.015314250326975512
21220,0.39519774226919835
21221,0.01854406752520607
21222,0.013738492686748623
21223,0.06494196095440989
21224,0.45331292927160244
21225,0.005901669117449271
21226,0.2277816734053974
21227,0.017919265393695812
21228,0.9780682219731902
21229,0.924447084228611
21230,0.20476367226775988
21231,0.7577399353801174
21232,0.10743353112232788
21233,0.2879754992357329
21234,0.02393284990297307
21235,0.42679674079141844
21236,0.6882804649620123
21237,0.012357248317536141
21238,0.013387952004470521
21239,0.0197344592503089
21240,0.013060719559102419
21241,0.3631498365343402
21242,0.8877046320590768
21243,0.20440119961231737
21244,0.05403814918949952
21245,0.983332180987374
21246,0.010739376058048684
21247,0.014883790522089688
21248,0.11242617996095154
21249,0.9540150862687871
21250,0.013571983520411834
21251,0.017250356510590033
21252,0.18674931198460828
21253,0.016702468948778318
21254,0.02544731779021073
21255,0.09361948724824577
21256,0.07248693885369467
21257,0.6861742175136891
21258,0.19115433481604316
21259,0.04641012102329755
21260,0.14690481057939178
21261,0.01794363863473625
21262,0.06345132105823219
21263,0.09626705363682239
21264,0.011442446825553305
21265,0.01585363586023332
21266,0.0064700262859095775
21267,0.009995877132041843
21268,0.9440512909745705
21269,0.33383052800142804
21270,0.21184285060091615
21271,0.16608249443004394
21272,0.22340515200296404
21273,0.0578361798354113
21274,0.013387952004470521
21275,0.11061309422357064
21276,0.008007526445857166
21277,0.046466208646342516
21278,0.6701655197005142
21279,0.2980172876656708
21280,0.15314154277261394
21281,0.02218121029637994
21282,0.15805899748400587
21283,0.0940719715726156
21284,0.9448948259898986
21285,0.05588725069965807
21286,0.5139092495695439
21287,0.01006044434572438
21288,0.012439143915445618
21289,0.016205633361317494
21290,0.6272583582821639
21291,0.01102630152754254
21292,0.571131079519661
21293,0.010974597994238862
21294,0.1335310646812214
21295,0.6912115333881808
21296,0.02399475740067831
21297,0.9195669736514162
21298,0.18705795174421594
21299,0.8599744184350633
21300,0.13150111016214222
21301,0.9541380814411761
21302,0.9324847968793386
21303,0.007641210997423259
21304,0.007338120961352995
21305,0.0217730887176303
21306,0.025518612895803906
21307,0.009100822523413921
21308,0.1643581299225874
21309,0.23558687773084394
21310,0.027404142397835996
21311,0.0788151098676906
21312,0.42801614468574295
21313,0.012838870657388549
21314,0.15825621273457985
21315,0.10535761859733753
21316,0.3326268384029884
21317,0.3633621883389148
21318,0.7787451358466668
21319,0.025405978690326802
21320,0.06528128701047031
21321,0.04005225939298842
21322,0.02894181280944029
21323,0.9655259439538035
21324,0.016813929269073043
21325,0.033898625741059056
21326,0.731702598862414
21327,0.007641210997423259
21328,0.03715658159276893
21329,0.03671789378282343
21330,0.009988307651307378
21331,0.008549249756038761
21332,0.24351764577224133
21333,0.011381165333154909
21334,0.6561949861335953
21335,0.41458750943328915
21336,0.0212467877926184
21337,0.38342046513892764
21338,0.5561645617128824
21339,0.221422360299696
21340,0.014649238886560959
21341,0.009488638632203339
21342,0.06382371086220706
21343,0.04169524255247777
21344,0.016205633361317494
21345,0.11275728611896545
21346,0.02139688837379152
21347,0.07083970692622282
21348,0.9873034434175643
21349,0.009037313817603731
21350,0.10394685052129109
21351,0.8489991151516754
21352,0.009100822523413921
21353,0.916584834218261
21354,0.011629524007111699
21355,0.07821891636704821
21356,0.011018798600888155
21357,0.026733678855750544
21358,0.6283259101444564
21359,0.48436785768887114
21360,0.39934974282786434
21361,0.9919799473423703
21362,0.04435845982566137
21363,0.04579555685256701
21364,0.01252052022444564
21365,0.029977810030794225
21366,0.01802903727539224
21367,0.49352280286747446
21368,0.9503780893258886
21369,0.00827754478492143
21370,0.8067718011551683
21371,0.902321555097939
21372,0.017160136380200367
21373,0.009100822523413921
21374,0.029590940896550903
21375,0.014931505514687497
21376,0.4029247239385847
21377,0.20975589650770143
21378,0.9266404828690017
21379,0.2016319318403572
21380,0.7366016513661574
21381,0.01854406752520607
21382,0.12572639737157618
21383,0.009568438801337373
21384,0.01102630152754254
21385,0.0873509574748364
21386,0.895783464474716
21387,0.17867314415263372
21388,0.25051841392250773
21389,0.07821325143293953
21390,0.01369371760584838
21391,0.03155509130264291
21392,0.035060718915205305
21393,0.017223169539046908
21394,0.05706964074186192
21395,0.7150534380224899
21396,0.17061124546868403
21397,0.9014669067637819
21398,0.01611597681662689
21399,0.12241845601154971
21400,0.8722382506953217
21401,0.0032032246832552807
21402,0.03798203641120808
21403,0.10274923584423389
21404,0.018880465078212047
21405,0.025263720293704786
21406,0.0064545303979699235
21407,0.02397218197989915
21408,0.03669901143317448
21409,0.048074586891998596
21410,0.18169464205778435
21411,0.197476807157039
21412,0.016026997336412354
21413,0.010442553847217699
21414,0.017270757626532858
21415,0.012911887699877934
21416,0.040486526235132984
21417,0.05794460979454365
21418,0.009324790618284185
21419,0.03547918329587502
21420,0.01916309004634268
21421,0.18063568223985832
21422,0.04952785738524697
21423,0.015314250326975512
21424,0.3340269982096788
21425,0.6032419320647732
21426,0.16177880794437344
21427,0.06966988268015294
21428,0.13174353757314058
21429,0.4446597509673359
21430,0.013179360962014585
21431,0.05420298859594622
21432,0.33452456043607093
21433,0.00932337932427075
21434,0.012215736312627243
21435,0.009100822523413921
21436,0.0648612155762757
21437,0.16966860339766596
21438,0.0109148347631251
21439,0.12235267671164875
21440,0.021533334708118166
21441,0.0447798585960944
21442,0.0171036703997809
21443,0.04012803799810987
21444,0.0068069751032872276
21445,0.11317657646761738
21446,0.022972726686076608
21447,0.01233454817981417
21448,0.07845565257860332
21449,0.06419501946240094
21450,0.1159945972715567
21451,0.5773198607150721
21452,0.5831265428611169
21453,0.04313155411574219
21454,0.033786029420159853
21455,0.6217533103805106
21456,0.10627449448088752
21457,0.008486634512933754
21458,0.39584020733249936
21459,0.18602662043918403
21460,0.0074023761837885005
21461,0.02476790445629575
21462,0.9029752898194399
21463,0.010188538618964254
21464,0.05995900960222816
21465,0.30896224755667306
21466,0.16470285742472907
21467,0.7445734297020987
21468,0.006497376460271395
21469,0.06550076140192743
21470,0.2643861382205527
21471,0.02251942716573189
21472,0.5213744814399268
21473,0.031182125147318572
21474,0.5877901605757401
21475,0.007351397542030787
21476,0.009566601534916319
21477,0.016354050758938872
21478,0.013971456926998695
21479,0.8366621401807918
21480,0.03547918329587502
21481,0.009893307061063738
21482,0.020694216596870443
21483,0.6509584003552278
21484,0.07556580503100024
21485,0.03387848357108805
21486,0.06427532553266409
21487,0.22043658663601579
21488,0.40169996355258225
21489,0.03912974412894908
21490,0.009100822523413921
21491,0.017721069579184814
21492,0.06704940295782176
21493,0.4705274259842518
21494,0.1165357145822102
21495,0.1911002923264425
21496,0.03052175578144298
21497,0.01167300059271441
21498,0.043074964272969175
21499,0.40906727071366045
21500,0.29157243326416765
21501,0.037833828226408524
21502,0.06449806069490156
21503,0.15240418379049064
21504,0.0912228863131677
21505,0.6931094085850765
21506,0.023446996144841258
21507,0.021533334708118166
21508,0.4145159204508842
21509,0.010428017939346975
21510,0.7024933355012988
21511,0.44203591330261327
21512,0.0169598699949637
21513,0.05611003711581669
21514,0.026638515625198415
21515,0.06404022013979302
21516,0.57257807453074
21517,0.08946386698510411
21518,0.03579231508846767
21519,0.06179121011256941
21520,0.03521073503305712
21521,0.05315302918648894
21522,0.022972726686076608
21523,0.039289933728473336
21524,0.030066761244779625
21525,0.07803235723361818
21526,0.6387909549262512
21527,0.009710260438041796
21528,0.012838870657388549
21529,0.01794363863473625
21530,0.29692421780818684
21531,0.21434723530758215
21532,0.727278904288127
21533,0.015198423582696078
21534,0.21239316555156323
21535,0.31368232507907207
21536,0.8397985048635298
21537,0.14748687620663609
21538,0.006734425082021386
21539,0.6460113669037663
21540,0.06550076140192743
21541,0.12730794752242125
21542,0.10986794159307305
21543,0.5863170918185807
21544,0.0499220195192435
21545,0.919514972813239
21546,0.29567157518725184
21547,0.008715165157577196
21548,0.027770043627709372
21549,0.22705916721978175
21550,0.8603696297767107
21551,0.11917665184392036
21552,0.05641975363411524
21553,0.010804204991299245
21554,0.022961479859277583
21555,0.09696850347781347
21556,0.10187791164800576
21557,0.029199827519596388
21558,0.10545496864046663
21559,0.7452264749420676
21560,0.014981409708524872
21561,0.024223403347757577
21562,0.0143774999458034
21563,0.022414311322029343
21564,0.008597968706402311
21565,0.014654000806321602
21566,0.12113778827352413
21567,0.013387952004470521
21568,0.21635129262073366
21569,0.01781041403434296
21570,0.5277849592319943
21571,0.03353266423481138
21572,0.6679889184246093
21573,0.06008883957246053
21574,0.011226848978085248
21575,0.9179140143781586
21576,0.476493807925824
21577,0.203784256059049
21578,0.02948718926465083
21579,0.0439243977347568
21580,0.011376655854153393
21581,0.21425979012484103
21582,0.1077498346007724
21583,0.13609234023856925
21584,0.03267907073241578
21585,0.10626639654021412
21586,0.8586211706797885
21587,0.0343971349807884
21588,0.45331292927160244
21589,0.040025164629703035
21590,0.1942010775628179
21591,0.06500664675267388
21592,0.032375682479154295
21593,0.8964213856169081
21594,0.009068606230850299
21595,0.03143141863410371
21596,0.057302773224681525
21597,0.06803599286353092
21598,0.8403882968195121
21599,0.01102630152754254
21600,0.5827984087091417
21601,0.030494299366782055
21602,0.16607379279959447
21603,0.812019572566423
21604,0.04054815299714109
21605,0.1626854982798557
21606,0.012158710355053325
21607,0.06603235553770978
21608,0.10437633488646664
21609,0.40705566352544686
21610,0.08646905238341786
21611,0.22694226452827776
21612,0.02696354703629896
21613,0.022101531868815152
21614,0.27129568628177064
21615,0.018640999182657613
21616,0.11716474621618508
21617,0.5370318188829498
21618,0.011526005000431577
21619,0.3026838706506094
21620,0.012136786596826021
21621,0.02538604704640029
21622,0.7455892279397663
21623,0.041346814534616604
21624,0.4941565847357437
21625,0.24874167129584535
21626,0.07669304005274362
21627,0.23137071516929145
21628,0.047541926194849315
21629,0.054188089812935505
21630,0.023051303508506045
21631,0.022334228581380348
21632,0.6525389047806043
21633,0.0321749396418451
21634,0.15992188601752014
21635,0.007930623577228076
21636,0.10786880937313963
21637,0.029977810030794225
21638,0.028241810589061226
21639,0.9324341670111329
21640,0.8360073847194236
21641,0.08386741431303257
21642,0.030412774772861133
21643,0.04582963800848105
21644,0.03073991193898789
21645,0.015747729201260188
21646,0.15603647536717535
21647,0.016790359655438118
21648,0.992900039323489
21649,0.1443893433320968
21650,0.15549534004074012
21651,0.2879754992357329
21652,0.01167300059271441
21653,0.2387285418841965
21654,0.005102995788234434
21655,0.028993635594638904
21656,0.06782437828331146
21657,0.16711428706108372
21658,0.033570029107845054
21659,0.007641210997423259
21660,0.23922276071403092
21661,0.04808397614106019
21662,0.3386465725242503
21663,0.08645858266367466
21664,0.15518847732864705
21665,0.012215736312627243
21666,0.15932318415437008
21667,0.04370321085488345
21668,0.012332699774891978
21669,0.05865023107956489
21670,0.6690767669243392
21671,0.006076455334638371
21672,0.0612327840059398
21673,0.3857385278931412
21674,0.04012803799810987
21675,0.7521400044286778
21676,0.09690793709423207
21677,0.021609479754376017
21678,0.13070997305335372
21679,0.007723006112325127
21680,0.2577334685762494
21681,0.03198621113371776
21682,0.007586573675314802
21683,0.17164575019368736
21684,0.44362180980303145
21685,0.35050203169929
21686,0.0075848957294067
21687,0.007641210997423259
21688,0.020259428425828816
21689,0.6199697301302196
21690,0.6485998615826111
21691,0.08167061739781267
21692,0.4904663296474568
21693,0.022494540315488802
21694,0.3694450703529326
21695,0.011471322275960993
21696,0.013387952004470521
21697,0.027594019539552178
21698,0.016813929269073043
21699,0.06855900929535592
21700,0.7999019003150912
21701,0.10240916514034208
21702,0.109132621759115
21703,0.013300680384901453
21704,0.06259820498605217
21705,0.051603218522290994
21706,0.3767770568512851
21707,0.01794363863473625
21708,0.012215736312627243
21709,0.10566994378412925
21710,0.03252650633634183
21711,0.26845814329073214
21712,0.103762838227927
21713,0.536970119754413
21714,0.299859580491022
21715,0.013456173906230533
21716,0.916584834218261
21717,0.01684565571741329
21718,0.28289276269250213
21719,0.9393664510877381
21720,0.2565862283305997
21721,0.03691568314264224
21722,0.032530838093732486
21723,0.046959032876858584
21724,0.4623757176095505
21725,0.035904639819511995
21726,0.4940502143577539
21727,0.024881508632858734
21728,0.030302358981383143
21729,0.05122779056307049
21730,0.01815692506981198
21731,0.6017831166982425
21732,0.015609834095252653
21733,0.028987496853237926
21734,0.4655135418273555
21735,0.08250076127736321
21736,0.37737409245782444
21737,0.018466852912228608
21738,0.08985808686053856
21739,0.08460189113286844
21740,0.9196973212665773
21741,0.006286846026783171
21742,0.034383586458986024
21743,0.5963081098116496
21744,0.5439654442063324
21745,0.054732566284857835
21746,0.08334775091871603
21747,0.7801432548308328
21748,0.025301630424490965
21749,0.006379045190681144
21750,0.033673449072778736
21751,0.011071864885133852
21752,0.19173271425048913
21753,0.03936956666401749
21754,0.9450661858972966
21755,0.023287341295202713
21756,0.307704631513518
21757,0.013174412094247705
21758,0.8081259229158735
21759,0.013390749265185176
21760,0.1255177258098468
21761,0.9756616997993804
21762,0.07821540973048294
21763,0.009284385680569546
21764,0.9591133428346197
21765,0.06968038523245852
21766,0.8390587335841406
21767,0.14041016422856767
21768,0.9519819810901796
21769,0.1334906067002448
21770,0.058388118012432745
21771,0.07957618345382439
21772,0.014794465506812939
21773,0.028995916399555285
21774,0.01867344822205752
21775,0.44245909892717467
21776,0.05759315495763322
21777,0.04012803799810987
21778,0.012498011004089385
21779,0.017858394457821218
21780,0.5894076873768685
21781,0.009100822523413921
21782,0.742526718160225
21783,0.041304391530831985
21784,0.037745098984579444
21785,0.03712181759700354
21786,0.1776503442373616
21787,0.010102413899636321
21788,0.006709401852839111
21789,0.05600975189560658
21790,0.006623956239596564
21791,0.02323958480691363
21792,0.5413859996360972
21793,0.7661901784317579
21794,0.654221781350873
21795,0.01167300059271441
21796,0.23883517448519556
21797,0.914001836116201
21798,0.13030678836861825
21799,0.9677255566071908
21800,0.3672668112450279
21801,0.03358071158999322
21802,0.012483054152836159
21803,0.07887856716426635
21804,0.18481363457767555
21805,0.8083782958330797
21806,0.45564314000930345
21807,0.014806424884540861
21808,0.848705293458796
21809,0.5336016741133388
21810,0.0212467877926184
21811,0.7642104650468657
21812,0.010923860731458072
21813,0.016813929269073043
21814,0.7864918861205439
21815,0.5040886720871083
21816,0.8989033403361478
21817,0.36088335807445976
21818,0.6907609699920189
21819,0.01594865935004777
21820,0.015673625821323745
21821,0.1377611577602057
21822,0.04012803799810987
21823,0.03267907073241578
21824,0.010891729293268352
21825,0.03553700268710197
21826,0.019200579106122193
21827,0.5596317233975595
21828,0.9673898484547565
21829,0.017207026259584646
21830,0.029590940896550903
21831,0.041370064863703
21832,0.02303744641969628
21833,0.24794740024595688
21834,0.6586751749771961
21835,0.18453964942353523
21836,0.686544227537634
21837,0.04750431532096027
21838,0.007930623577228076
21839,0.1602806075756312
21840,0.013799321454111784
21841,0.22324540663487658
21842,0.5184805336739202
21843,0.19051236674613461
21844,0.5867206308895533
21845,0.0304591227081504
21846,0.013560502195947413
21847,0.05401384976419781
21848,0.017496807007315707
21849,0.7538012081432093
21850,0.008315319423162125
21851,0.27129568628177064
21852,0.9070839473959409
21853,0.10896059535670355
21854,0.0774929900967861
21855,0.0330994601810211
21856,0.02672172431584668
21857,0.020073860791163096
21858,0.054491833401297346
21859,0.03289571561464675
21860,0.24737780136742016
21861,0.012569995735593717
21862,0.009566601534916319
21863,0.009566601534916319
21864,0.012024185501537867
21865,0.015482165670303643
21866,0.6164569262727891
21867,0.007641210997423259
21868,0.010510599253313426
21869,0.12152339227535838
21870,0.010975906104537138
21871,0.10772269234063463
21872,0.009100822523413921
21873,0.46211090331116944
21874,0.01758471415644839
21875,0.023677165917518412
21876,0.7803352314405168
21877,0.07452205039090949
21878,0.47565847301065234
21879,0.6899672852420816
21880,0.013250408394529645
21881,0.11294877385983586
21882,0.016012001059250693
21883,0.011442446825553305
21884,0.946781541165165
21885,0.013944013560907872
21886,0.0469607097554293
21887,0.6749867475657115
21888,0.3622769689132699
21889,0.021429853989699387
21890,0.8573558199574753
21891,0.025622700016668217
21892,0.7420707764276014
21893,0.05133582070772867
21894,0.9418675782780976
21895,0.033489617075912574
21896,0.017972613086262024
21897,0.02635649680161932
21898,0.6072756764281789
21899,0.7140425441714712
21900,0.014654000806321602
21901,0.012212810078839504
21902,0.10656876804231481
21903,0.03306751120901247
21904,0.058195746987528545
21905,0.012538915862082509
21906,0.11601565852514187
21907,0.15582914689666494
21908,0.04614347835976061
21909,0.8124016912375811
21910,0.05951977804084149
21911,0.03891234983971289
21912,0.009337289063719298
21913,0.02535162033878958
21914,0.015747729201260188
21915,0.0496337440948551
21916,0.10976513439832616
21917,0.031585261579711574
21918,0.13754404779487903
21919,0.09232907622418468
21920,0.3048035278009004
21921,0.1700972010872932
21922,0.07995514878352168
21923,0.1529050151297234
21924,0.015094659191517368
21925,0.4640493241752446
21926,0.035205765240328556
21927,0.03127636600249489
21928,0.0744189361975052
21929,0.12131597576197549
21930,0.012412173459037657
21931,0.03967876505755503
21932,0.923470025793026
21933,0.01167300059271441
21934,0.027909254451612107
21935,0.031585261579711574
21936,0.8700104062859895
21937,0.02937526574262306
21938,0.009100822523413921
21939,0.048364571203821684
21940,0.07995716914218431
21941,0.01331942064088042
21942,0.17930252634165333
21943,0.01167300059271441
21944,0.007930623577228076
21945,0.015532111913270249
21946,0.025500279639258966
21947,0.023238397310304814
21948,0.01267369153887658
21949,0.007796886061026441
21950,0.0673997672466093
21951,0.010077329251994366
21952,0.02431490105448855
21953,0.477678779702156
21954,0.7389166603618603
21955,0.5082101301984335
21956,0.4522790028044342
21957,0.13619900648184408
21958,0.03267907073241578
21959,0.950391972912825
21960,0.04477136225257492
21961,0.06966988268015294
21962,0.005929057171810924
21963,0.19283393592586787
21964,0.10605379772383423
21965,0.014429318839921771
21966,0.2387285418841965
21967,0.059584075589023275
21968,0.34241290721063844
21969,0.013928265017395436
21970,0.9402840256812127
21971,0.6776045223514885
21972,0.23833487998825464
21973,0.0606775018481134
21974,0.5121783729247839
21975,0.05533392713067648
21976,0.011442446825553305
21977,0.062047930525093685
21978,0.0577113553401039
21979,0.009630141847303843
21980,0.015986529792168247
21981,0.08588714644356812
21982,0.5965928328834682
21983,0.03512465566045659
21984,0.2277816734053974
21985,0.971238375922888
21986,0.9741877428601944
21987,0.9675942213279378
21988,0.007930623577228076
21989,0.09270019933982676
21990,0.14779434097378863
21991,0.013825485051265332
21992,0.01216343457517662
21993,0.014913420503823584
21994,0.08811995104843573
21995,0.14514031663462953
21996,0.061223627799928626
21997,0.01470436109970803
21998,0.399555195270015
21999,0.8030658450240508
22000,0.008586881624087243
22001,0.705448079034221
22002,0.5450130914412641
22003,0.010770838856894255
22004,0.017914612487622827
22005,0.15771569536230473
22006,0.9573665402395641
22007,0.11220839281447102
22008,0.2359100533579908
22009,0.012215736312627243
22010,0.13353607946095272
22011,0.9139237278651404
22012,0.05298952489853377
22013,0.28244684170595347
22014,0.029678304473884705
22015,0.021685013604010824
22016,0.022972726686076608
22017,0.19127953276203485
22018,0.06436206555429524
22019,0.1218634378438815
22020,0.23065780899562496
22021,0.14994564865754606
22022,0.6595768275804753
22023,0.06630026643409272
22024,0.06141325557340329
22025,0.0211134120243471
22026,0.8429390730093028
22027,0.24814613174784925
22028,0.08568436542363712
22029,0.009893307061063738
22030,0.035071342224336784
22031,0.01369371760584838
22032,0.2253595958878336
22033,0.04358528712064507
22034,0.5961138852263914
22035,0.1240794383411988
22036,0.3307911253055894
22037,0.11236772128636839
22038,0.11963110932041936
22039,0.06731332187069698
22040,0.035916542627699305
22041,0.1602165071853737
22042,0.008143655073850889
22043,0.047188542002590934
22044,0.022268848599714883
22045,0.044927979167950195
22046,0.026419881488051657
22047,0.3355207611048484
22048,0.055785862001983356
22049,0.026014619527112943
22050,0.024131178519615094
22051,0.07620476989393811
22052,0.015475339400338144
22053,0.028767900540156818
22054,0.12777434027115656
22055,0.1342206095207894
22056,0.5498285756335706
22057,0.5385120249144624
22058,0.026643895858207294
22059,0.5039987153809391
22060,0.011936022120114492
22061,0.29567157518725184
22062,0.09794831760443173
22063,0.20995553983639317
22064,0.021560949216925168
22065,0.01708419690859874
22066,0.33458797181768113
22067,0.056284060243916766
22068,0.0872681958632456
22069,0.011952072693805273
22070,0.21184285060091615
22071,0.022268799949930203
22072,0.08276067193143084
22073,0.023271850646316088
22074,0.7579370144001586
22075,0.970990661442246
22076,0.043027348162287066
22077,0.07244354271454978
22078,0.08404164641805181
22079,0.008119005144109138
22080,0.07960952404472395
22081,0.01008568256350212
22082,0.9180207513695652
22083,0.7610879232793771
22084,0.007930623577228076
22085,0.4655411914193445
22086,0.014891890435653329
22087,0.01491464523873293
22088,0.009100822523413921
22089,0.008375581895631357
22090,0.022972726686076608
22091,0.017916469571711807
22092,0.007930623577228076
22093,0.12588623907222343
22094,0.05755951808568172
22095,0.020425490008508126
22096,0.017139614657654893
22097,0.6177132040441128
22098,0.3716514781183866
22099,0.0196408683852869
22100,0.056128192839815315
22101,0.03835157730751021
22102,0.03939459680158944
22103,0.5863170918185807
22104,0.014551979548388128
22105,0.009259142235700995
22106,0.009482501849689646
22107,0.30698523229031077
22108,0.7026576567855727
22109,0.4218750507175353
22110,0.034551604840046525
22111,0.2700031861613675
22112,0.06118479780973894
22113,0.8260464121329776
22114,0.056284060243916766
22115,0.4981510511928107
22116,0.08433427826284033
22117,0.2331462089766012
22118,0.046921288136819304
22119,0.013387952004470521
22120,0.01218031873217758
22121,0.17918188197565496
22122,0.3538493190318907
22123,0.790172491681734
22124,0.06281682675874166
22125,0.02907769895763154
22126,0.7284699452941329
22127,0.8965147793473696
22128,0.030695444339601943
22129,0.038866115668046285
22130,0.011166434656438287
22131,0.0762144230184215
22132,0.049539423500893985
22133,0.035478198020383864
22134,0.10124894437517254
22135,0.2812360754989919
22136,0.009037313817603731
22137,0.8920183326761493
22138,0.19544848649484442
22139,0.5233173917474625
22140,0.17867314415263372
22141,0.04054815299714109
22142,0.26258326172094854
22143,0.05453735781905813
22144,0.18325012685947367
22145,0.8680165274325028
22146,0.031629175891056224
22147,0.05571891203144158
22148,0.01640700431992329
22149,0.012215736312627243
22150,0.01582208790836674
22151,0.2857610546267372
22152,0.00902181159289948
22153,0.0400165414094134
22154,0.05302194365993933
22155,0.028529343784580347
22156,0.1495119366141018
22157,0.01158984502813127
22158,0.39082118779578556
22159,0.6577532163088041
22160,0.013108993581169763
22161,0.013899606537598159
22162,0.048418468181011656
22163,0.024394511195804287
22164,0.04748117592860939
22165,0.047476173814810854
22166,0.07516740758973212
22167,0.30987417518225735
22168,0.13018759217726608
22169,0.07042766767967336
22170,0.0215053086793549
22171,0.49999166736983375
22172,0.022193862506319745
22173,0.03149073728828069
22174,0.8596442501541427
22175,0.018948612440269554
22176,0.010925829089866702
22177,0.54387206247835
22178,0.012600643947658625
22179,0.01690569752457751
22180,0.03614250912139815
22181,0.02075790450496731
22182,0.10995885221091709
22183,0.8160312770582459
22184,0.018786585396122834
22185,0.01993148127830898
22186,0.894931140658039
22187,0.8054241812318852
22188,0.03045186596639292
22189,0.4325888333086548
22190,0.008933581392878951
22191,0.6859023281606231
22192,0.30745400968116665
22193,0.6032419320647732
22194,0.1267781939482253
22195,0.026291420118566267
22196,0.03177357516373961
22197,0.31851333645696267
22198,0.18266820303410888
22199,0.01306824994017801
22200,0.8595682638960778
22201,0.07144192102154431
22202,0.006762810793656972
22203,0.033925682715806704
22204,0.014009893372446425
22205,0.14100331983337566
22206,0.05118341854678287
22207,0.6453774967554649
22208,0.017223169539046908
22209,0.2980172876656708
22210,0.015711476925783282
22211,0.6181602171939186
22212,0.049220906536587075
22213,0.04876729485589378
22214,0.045960351362096745
22215,0.014654000806321602
22216,0.7086601883088308
22217,0.007544804074402377
22218,0.08978306187588073
22219,0.009812343258710542
22220,0.8359491677792559
22221,0.01407246880498894
22222,0.06222267721244458
22223,0.5592715573999308
22224,0.05100247959658203
22225,0.039114465351125574
22226,0.009100822523413921
22227,0.020805566411291432
22228,0.7683934905558141
22229,0.03744969561428825
22230,0.772700252048434
22231,0.6801580455609793
22232,0.19396107005862998
22233,0.012215736312627243
22234,0.06681684106063833
22235,0.01167300059271441
22236,0.14886433884024033
22237,0.019493947947504465
22238,0.8430111323518216
22239,0.1117834722216539
22240,0.012215736312627243
22241,0.08628291828851342
22242,0.05771046384395757
22243,0.013387952004470521
22244,0.011442446825553305
22245,0.03415395534906709
22246,0.3266271048313477
22247,0.02507731475562244
22248,0.07070544640178877
22249,0.05261280238842322
22250,0.06990389549866374
22251,0.01770544023574578
22252,0.8818378525012541
22253,0.01824785098078868
22254,0.03483697153097383
22255,0.021306053120039588
22256,0.051850134700405934
22257,0.0791386167411741
22258,0.07847721522629975
22259,0.015679991659127437
22260,0.017271516531917934
22261,0.01524894763132463
22262,0.3326268384029884
22263,0.9568859544138828
22264,0.006945904641976847
22265,0.02538438319259871
22266,0.015255359001874089
22267,0.01794363863473625
22268,0.2693318483121166
22269,0.011626760843307746
22270,0.01702457039464102
22271,0.014728080500895219
22272,0.07803235723361818
22273,0.47391177317702976
22274,0.034671824200478776
22275,0.5883261567449367
22276,0.3196275536929293
22277,0.9203450001867732
22278,0.3396142299345789
22279,0.011030737669238188
22280,0.8213263928200141
22281,0.3326268384029884
22282,0.42801614468574295
22283,0.8321194869639292
22284,0.11267094819361767
22285,0.0230417261993655
22286,0.01854406752520607
22287,0.04737760472220363
22288,0.17144137511397634
22289,0.0224064048460605
22290,0.023777169165398526
22291,0.01622168108378612
22292,0.07514596016451902
22293,0.9799931941065796
22294,0.01487967235356598
22295,0.07502229713851263
22296,0.822671917572981
22297,0.8734424586069186
22298,0.9382176533614035
22299,0.05260058343107928
22300,0.017212247072337223
22301,0.015778645619247723
22302,0.03605461930345556
22303,0.8267871429452782
22304,0.029977810030794225
22305,0.043667103263709116
22306,0.0558974988788376
22307,0.0044591551344950915
22308,0.6585553413634058
22309,0.15010397456433675
22310,0.8765418048412716
22311,0.040122710405310374
22312,0.8689414104100803
22313,0.015691892130641483
22314,0.019525758303782424
22315,0.036216496734056865
22316,0.0648262691024312
22317,0.14328592178351796
22318,0.9580002063173001
22319,0.2050519415907734
22320,0.33216852690722315
22321,0.037622107929789754
22322,0.06160840401117764
22323,0.008002031622332005
22324,0.01927028464360682
22325,0.03749830238240731
22326,0.7693853598286354
22327,0.35018767009557894
22328,0.009816131100336859
22329,0.1717760666766283
22330,0.5282536011006039
22331,0.1747488700750672
22332,0.04275319121752775
22333,0.045107096324444915
22334,0.14816610729030016
22335,0.10950472272947116
22336,0.19822112671135989
22337,0.01794363863473625
22338,0.09471543865978409
22339,0.15691120315389348
22340,0.04373160813223341
22341,0.03621121214100811
22342,0.022642652873668918
22343,0.011682246431395048
22344,0.09979943590915318
22345,0.014776023741004068
22346,0.477423735264236
22347,0.7608679473921509
22348,0.8923135788702815
22349,0.9186638897666614
22350,0.04542214299210742
22351,0.06396248722264801
22352,0.10240916514034208
22353,0.022376779615727663
22354,0.09385466814211102
22355,0.13655471093966462
22356,0.440393194283499
22357,0.008314815935797757
22358,0.059635037957853486
22359,0.010150427288447247
22360,0.6161745056639147
22361,0.033925682715806704
22362,0.044614251038613155
22363,0.5639243516084027
22364,0.028892565530199824
22365,0.11325660435224838
22366,0.04808397614106019
22367,0.07354470810317475
22368,0.14902049123748726
22369,0.01955398957326698
22370,0.020083885911671658
22371,0.9671696662027662
22372,0.8382561258797334
22373,0.29023381609968263
22374,0.9543214292563916
22375,0.295890260850356
22376,0.4529154499439562
22377,0.06832056792039545
22378,0.4132863601540567
22379,0.87786448520943
22380,0.03263399968645811
22381,0.7984037847781954
22382,0.04351331114348171
22383,0.969165402649263
22384,0.03226309888861251
22385,0.5598557754620157
22386,0.03316030268132379
22387,0.98219708795348
22388,0.05270742588852595
22389,0.4052386282562336
22390,0.01167300059271441
22391,0.03408433452756432
22392,0.056284060243916766
22393,0.2120921157566188
22394,0.9770457552487121
22395,0.022922122621229363
22396,0.10524619029516963
22397,0.7742640791313938
22398,0.04054815299714109
22399,0.6126351722258426
22400,0.30093909914417033
22401,0.19360134591597195
22402,0.03481811760983122
22403,0.2080534318241789
22404,0.012158710355053325
22405,0.3038831932669321
22406,0.05568757900655622
22407,0.016205633361317494
22408,0.015697928594174477
22409,0.07181247276556026
22410,0.3802655774135344
22411,0.4616813874924287
22412,0.7565014439415473
22413,0.01854406752520607
22414,0.06517087205975869
22415,0.11215848764478702
22416,0.012215736312627243
22417,0.13148741483852142
22418,0.6170133967505985
22419,0.03100429307730464
22420,0.7384170610444147
22421,0.9572073913491562
22422,0.15876051236617042
22423,0.013661606574270482
22424,0.011675092053962376
22425,0.8877046320590768
22426,0.2906421738655314
22427,0.01794363863473625
22428,0.2642296894047818
22429,0.2143344549482631
22430,0.9831305827625859
22431,0.03040427456101562
22432,0.6594840838860634
22433,0.11265221553714799
22434,0.02833009666945685
22435,0.05038322710680858
22436,0.5150600479817273
22437,0.009536391933663698
22438,0.14816610729030016
22439,0.005717676189451227
22440,0.017860501032145957
22441,0.012215736312627243
22442,0.10358036935559634
22443,0.00991930565445948
22444,0.009780642724297461
22445,0.026856601299529815
22446,0.0634288742357963
22447,0.028115388332896434
22448,0.6309324316756922
22449,0.042695636485261534
22450,0.22805586263271324
22451,0.04262186432793388
22452,0.44791279384729105
22453,0.01709591249952501
22454,0.035019187994153385
22455,0.015144770898250143
22456,0.9701840378505633
22457,0.2867546885057562
22458,0.019699054837975384
22459,0.08900924451630714
22460,0.010183098189337785
22461,0.012838870657388549
22462,0.10124894437517254
22463,0.02599592277729373
22464,0.4337178627774808
22465,0.755862056313581
22466,0.07995415331188516
22467,0.017107468558987184
22468,0.01167300059271441
22469,0.037745098984579444
22470,0.5790445418898228
22471,0.551609487935346
22472,0.8112177309943797
22473,0.023437821682746458
22474,0.03496391049282121
22475,0.06778234038659325
22476,0.011442446825553305
22477,0.009100822523413921
22478,0.26669920707384237
22479,0.05329325599865755
22480,0.05804977962454768
22481,0.10535761859733753
22482,0.1198694709106373
22483,0.029503750141642505
22484,0.45058733170162346
22485,0.016090553579411457
22486,0.6210061000677961
22487,0.8767902747400078
22488,0.9311059472153954
22489,0.9602045718367704
22490,0.08404164641805181
22491,0.015398968774054441
22492,0.03554933776557586
22493,0.0680486617363917
22494,0.13170990710936303
22495,0.48039952814419223
22496,0.029449214005939278
22497,0.012158710355053325
22498,0.2401972495133739
22499,0.01167300059271441
22500,0.019479978013979635
22501,0.013355886925258683
22502,0.029977810030794225
22503,0.03498660986818526
22504,0.10647664755738476
22505,0.02520750726473491
22506,0.9648000365469634
22507,0.5735538560386227
22508,0.019160891963068333
22509,0.922514380794268
22510,0.021075601164785986
22511,0.8839281434777582
22512,0.04582963800848105
22513,0.011267899561796222
22514,0.06184417477475255
22515,0.5082101301984335
22516,0.013387952004470521
22517,0.7608679473921509
22518,0.03834907304527626
22519,0.02346347231758818
22520,0.9629481837927754
22521,0.2064294312398303
22522,0.017291492094319252
22523,0.24388541849806802
22524,0.04620595312740732
22525,0.054987449939127804
22526,0.04223591538288261
22527,0.9779485509423536
22528,0.015518443433620348
22529,0.9745589060466826
22530,0.2046090822338063
22531,0.18427814117046945
22532,0.1527051230407802
22533,0.06060860174626189
22534,0.13558758160916257
22535,0.4981510511928107
22536,0.48835340548810224
22537,0.02463962912842327
22538,0.0472819698604191
22539,0.1450829737499159
22540,0.015884400918005886
22541,0.0172540049530796
22542,0.019823575489240904
22543,0.027019675620339016
22544,0.12207496499868137
22545,0.011610133671116166
22546,0.6325678920479478
22547,0.011239454514604962
22548,0.680808253482622
22549,0.023075484378963337
22550,0.33249424039774567
22551,0.7578450473519311
22552,0.054095764072511036
22553,0.023157097146113914
22554,0.6117157655573675
22555,0.31909088210089653
22556,0.01357690789040215
22557,0.07427682586577382
22558,0.28561158632561007
22559,0.10311439983270027
22560,0.22755533122841198
22561,0.03221608767796441
22562,0.0073117313860926415
22563,0.08982477044544411
22564,0.9419534688107907
22565,0.34241290721063844
22566,0.38250423386600946
22567,0.009140452095175737
22568,0.15948900165980295
22569,0.03158383924459507
22570,0.011442446825553305
22571,0.09142527961862695
22572,0.04349393919251084
22573,0.09092545316421168
22574,0.0084798480140695
22575,0.17703869085077611
22576,0.7360481252022382
22577,0.23077146089329328
22578,0.28709292250853113
22579,0.01102630152754254
22580,0.43435971000082435
22581,0.007899473061458695
22582,0.4760995509417401
22583,0.5386534692057826
22584,0.9658332909994286
22585,0.018297717472558754
22586,0.013387952004470521
22587,0.022972726686076608
22588,0.06011734940832315
22589,0.0772788370431608
22590,0.9629481837927754
22591,0.03134136979973031
22592,0.008395012128953785
22593,0.01794363863473625
22594,0.1628990449520484
22595,0.35368199270516626
22596,0.1623346936032513
22597,0.2051582785774415
22598,0.47600953165050325
22599,0.054404412537342704
22600,0.013656970310272664
22601,0.09145110390944404
22602,0.03152351285200742
22603,0.968916110753694
22604,0.008365751347948043
22605,0.017408053769505945
22606,0.06149142497777601
22607,0.06222860249912294
22608,0.8116457733838724
22609,0.02047918284434967
22610,0.03711398000732378
22611,0.01167300059271441
22612,0.9113835890983741
22613,0.042932995215830334
22614,0.8779292660328388
22615,0.025218979506148417
22616,0.17579802180241513
22617,0.04035706345078134
22618,0.016398856655655554
22619,0.9288999227286212
22620,0.9530290235157541
22621,0.018697431296582873
22622,0.013384532026719392
22623,0.047530077156700025
22624,0.20806188536254258
22625,0.00770726249261993
22626,0.04140305519359257
22627,0.8133685942698371
22628,0.11542026345691245
22629,0.05825092603786025
22630,0.6950074233107565
22631,0.013387952004470521
22632,0.916584834218261
22633,0.07407616007370588
22634,0.6041682562484205
22635,0.11465218187630574
22636,0.4130762630612861
22637,0.8788427516567687
22638,0.06767199318369849
22639,0.17155933282525607
22640,0.42679674079141844
22641,0.13783634565074576
22642,0.007930623577228076
22643,0.02610150652091142
22644,0.02218360374061406
22645,0.03281568743778225
22646,0.01102630152754254
22647,0.17947573657249943
22648,0.026014858797435227
22649,0.9217637675881796
22650,0.009901085815816564
22651,0.022679593420585592
22652,0.0431944710490272
22653,0.3667776200686828
22654,0.6111369616830834
22655,0.02905550685911371
22656,0.6161745056639147
22657,0.015249422781911253
22658,0.016813929269073043
22659,0.6530452836674454
22660,0.0212467877926184
22661,0.04415948991510056
22662,0.7651995706410549
22663,0.08004674527677533
22664,0.022635317865232492
22665,0.020580877363552384
22666,0.013164001368195137
22667,0.02853125425326958
22668,0.018797126749356196
22669,0.04224434135833046
22670,0.010370171722056797
22671,0.01626517024943244
22672,0.0628259862372851
22673,0.025332955129307846
22674,0.031585261579711574
22675,0.10608146858902047
22676,0.011798988284403998
22677,0.8552100352139472
22678,0.012158710355053325
22679,0.04846932302075618
22680,0.0770094655840653
22681,0.008486634512933754
22682,0.07986502727796976
22683,0.01056920016583316
22684,0.012215736312627243
22685,0.27841045173363294
22686,0.7373779060075292
22687,0.040363736373749126
22688,0.015755853538623767
22689,0.03364475257028105
22690,0.0732561786656177
22691,0.04921922632663558
22692,0.9391927902004344
22693,0.27034712799434185
22694,0.8937973418518401
22695,0.6241996695347061
22696,0.29923338937797395
22697,0.06667674388008767
22698,0.01513393649004179
22699,0.019381859364976547
22700,0.008800742463465136
22701,0.2825520837626357
22702,0.010549634507929914
22703,0.041134154002902976
22704,0.023176949705474365
22705,0.03203208744479257
22706,0.1790541913030024
22707,0.058570533871675115
22708,0.03341040255401947
22709,0.01955853614136507
22710,0.7174415536300607
22711,0.1790541913030024
22712,0.0068069751032872276
22713,0.44720435419660165
22714,0.03543545490846186
22715,0.14169903736097705
22716,0.013944013560907872
22717,0.16556665557471917
22718,0.051298648538201784
22719,0.07471167610252033
22720,0.03483697153097383
22721,0.040468803205274656
22722,0.14396669589599675
22723,0.04643331244106291
22724,0.32387059710847577
22725,0.029977810030794225
22726,0.15786613774426442
22727,0.019699054837975384
22728,0.07958004279144092
22729,0.014825344032579077
22730,0.023711178820402676
22731,0.16066823962295387
22732,0.053269704234483614
22733,0.6604888634043442
22734,0.016813929269073043
22735,0.007644279961384262
22736,0.1633874469954343
22737,0.025427845453624854
22738,0.0065682123519357
22739,0.010163667081729453
22740,0.00799603620792924
22741,0.022414311322029343
22742,0.03788407010032434
22743,0.009183003676864886
22744,0.0605904941064474
22745,0.04083061121268812
22746,0.035916542627699305
22747,0.010810452585115527
22748,0.33286340791303193
22749,0.44011495649554233
22750,0.014416730013398249
22751,0.0086853191335558
22752,0.020655358601690245
22753,0.33383052800142804
22754,0.1596034276260479
22755,0.12304871441810297
22756,0.010815172612153246
22757,0.03418574692789761
22758,0.7693552853518073
22759,0.06550076140192743
22760,0.020011479877475768
22761,0.0276025832369998
22762,0.02508596986500161
22763,0.6652402049786966
22764,0.012724203768946207
22765,0.9272731137819946
22766,0.19915797441475794
22767,0.08560940661413935
22768,0.0777366783898856
22769,0.005094630085863874
22770,0.44305938221918656
22771,0.11589156666491468
22772,0.02930659073654003
22773,0.6266497935014214
22774,0.5659641914748622
22775,0.09401343381098604
22776,0.6527300143007121
22777,0.0076534968837195004
22778,0.15436866637265678
22779,0.008873551613660926
22780,0.18284538435141917
22781,0.4904663296474568
22782,0.01282282119157776
22783,0.016790359655438118
22784,0.04439989872821986
22785,0.014219338184836961
22786,0.024299948410722035
22787,0.5525890900007291
22788,0.017784394665735656
22789,0.6617151505576496
22790,0.21335724920809995
22791,0.012215736312627243
22792,0.027304580763309914
22793,0.009097225201045795
22794,0.019407177279113022
22795,0.261841051596975
22796,0.7217678459619135
22797,0.009482501849689646
22798,0.020991583862084152
22799,0.11965649253291863
22800,0.024935083294649607
22801,0.013130001605440481
22802,0.09887093273298736
22803,0.06473340567084561
22804,0.06842010588411256
22805,0.018466852912228608
22806,0.019575002893938143
22807,0.04310494973354295
22808,0.11691971350849784
22809,0.06211515699221076
22810,0.08292833123876102
22811,0.020539123587274128
22812,0.009421938384830913
22813,0.008688998080705567
22814,0.7188370495964157
22815,0.6413982779102592
22816,0.058155564256049716
22817,0.038678182010623015
22818,0.16222693174183164
22819,0.0779216153244895
22820,0.09509237337852783
22821,0.01626517024943244
22822,0.42679674079141844
22823,0.01491464523873293
22824,0.0185436575151438
22825,0.022972726686076608
22826,0.1771746100606496
22827,0.09255355358523779
22828,0.026382614461064297
22829,0.07080126857575542
22830,0.01827141423409413
22831,0.028394053544528668
22832,0.02802015905586283
22833,0.14080763299067903
22834,0.8849935797936901
22835,0.943042536261499
22836,0.04402005992458317
22837,0.07180074925177063
22838,0.2571742185110859
22839,0.5650452663559169
22840,0.5800583243505241
22841,0.01310272631475893
22842,0.010700531785526247
22843,0.019171835498714325
22844,0.058155564256049716
22845,0.7731623217702275
22846,0.8184507995651419
22847,0.004937094642132405
22848,0.5866980937472864
22849,0.01794363863473625
22850,0.04397305716871879
22851,0.1327359946860549
22852,0.037209103556807406
22853,0.8797785351131618
22854,0.11038897386817483
22855,0.1660058981182283
22856,0.030590553810986833
22857,0.3712914537409464
22858,0.9285647283846619
22859,0.04627280341308876
22860,0.033553689109190946
22861,0.0287315649981808
22862,0.9527064784362701
22863,0.022972726686076608
22864,0.15436866637265678
22865,0.17880582109643908
22866,0.18424655680965477
22867,0.012215736312627243
22868,0.05100247959658203
22869,0.8965147793473696
22870,0.01895575738596164
22871,0.04017064526045042
22872,0.021273899718371625
22873,0.01927552710235784
22874,0.06709594540234193
22875,0.6435025015366089
22876,0.5396868409655404
22877,0.9605002460771436
22878,0.012395993946402136
22879,0.10925836799913101
22880,0.905288156740127
22881,0.10535761859733753
22882,0.23707480424236585
22883,0.10220383248049304
22884,0.3959427545575376
22885,0.8420747606864133
22886,0.0666441347418837
22887,0.31995149214012236
22888,0.07526102795894066
22889,0.009100822523413921
22890,0.18456769313000654
22891,0.0426773719531216
22892,0.13565443936137644
22893,0.423878136271146
22894,0.1401674932769918
22895,0.07560563003799012
22896,0.6276950309924816
22897,0.01573783289246946
22898,0.17555824172220524
22899,0.8965416251271384
22900,0.0541928841294057
22901,0.05928239261110595
22902,0.01277836735728092
22903,0.9295721307246844
22904,0.061688046380588085
22905,0.10578199722095223
22906,0.15852943884192316
22907,0.10567374542112609
22908,0.013387952004470521
22909,0.07142617273197535
22910,0.25353732443491783
22911,0.060935078273861853
22912,0.12249738579342984
22913,0.012215736312627243
22914,0.020827960332731793
22915,0.07847721522629975
22916,0.029942204708904595
22917,0.02297281960902183
22918,0.01121761150201599
22919,0.9275790393793703
22920,0.01644939156980917
22921,0.916584834218261
22922,0.5092837132160096
22923,0.06490157341740073
22924,0.013391327290258085
22925,0.019695406903008254
22926,0.017839217032552715
22927,0.02769512634030636
22928,0.030400075697975978
22929,0.04477136225257492
22930,0.0772788370431608
22931,0.0308586466002101
22932,0.06733002912119329
22933,0.9014133255606177
22934,0.00884681187913706
22935,0.01854406752520607
22936,0.7775875637463828
22937,0.0673182876002424
22938,0.06335724075499408
22939,0.2501505271581056
22940,0.02624016030720185
22941,0.9572202523428172
22942,0.004677829998678862
22943,0.013793270083855329
22944,0.01794363863473625
22945,0.026100457930098568
22946,0.03084903197995656
22947,0.1038879490693827
22948,0.013820901425744747
22949,0.180029841010658
22950,0.04054815299714109
22951,0.033673449072778736
22952,0.06890348884842419
22953,0.8741449451850497
22954,0.03602421060822307
22955,0.0246110557830845
22956,0.1023819170877539
22957,0.009901304235318332
22958,0.023749964538870582
22959,0.012838870657388549
22960,0.43555894129731
22961,0.008686896407923694
22962,0.3306783062082569
22963,0.14835104482144418
22964,0.061172020958780694
22965,0.020827960332731793
22966,0.15725026013277965
22967,0.007644295764050145
22968,0.9559744874555024
22969,0.008486634512933754
22970,0.13423872453184096
22971,0.009150346920755323
22972,0.016273746015991585
22973,0.074286146151878
22974,0.3631549742021513
22975,0.1115396261303438
22976,0.008395012128953785
22977,0.008957028431589027
22978,0.010350995536292894
22979,0.5890619075707316
22980,0.2065241314836559
22981,0.01167300059271441
22982,0.3915212055954526
22983,0.03194098701113713
22984,0.05118341854678287
22985,0.012554548100705817
22986,0.011529808137557601
22987,0.013826176769198626
22988,0.1791816953539044
22989,0.5567174314041422
22990,0.01418317344320011
22991,0.022892492433308147
22992,0.05426018829931726
22993,0.017221514558264542
22994,0.015492171558895951
22995,0.013973470583246068
22996,0.03531967762889512
22997,0.018504175440553043
22998,0.02193967221956288
22999,0.04003160703925866
23000,0.033673449072778736
23001,0.5081984634681944
23002,0.5749197604504103
23003,0.15655922521942722
23004,0.20866916615512285
23005,0.01794363863473625
23006,0.022641180695367327
23007,0.16346017721171532
23008,0.08322221605663002
23009,0.9700380928937843
23010,0.013484848950568753
23011,0.022122198002917592
23012,0.20253342323159956
23013,0.9542095720063603
23014,0.009893307061063738
23015,0.3915455959832938
23016,0.2910956359566879
23017,0.9101529055005423
23018,0.13318115622809293
23019,0.007930623577228076
23020,0.013624449175268042
23021,0.9614309066467328
23022,0.009161289192985835
23023,0.1480116663311435
23024,0.8877046320590768
23025,0.2842476427986358
23026,0.4926413100854149
23027,0.2502757180089181
23028,0.03830984511589959
23029,0.25897177445839514
23030,0.1338680860887788
23031,0.12277477691958612
23032,0.196445825876021
23033,0.027130910730409265
23034,0.007247579534428053
23035,0.022972726686076608
23036,0.14900298590950814
23037,0.10961812401566366
23038,0.01614776108260525
23039,0.09584814593332884
23040,0.9679499793694378
23041,0.017882680024354603
23042,0.1508293426150735
23043,0.12395413664763257
23044,0.012158710355053325
23045,0.9010832567371748
23046,0.022069221956893918
23047,0.025964121931164538
23048,0.022972726686076608
23049,0.020982935410451223
23050,0.9733409595356942
23051,0.20951537608624557
23052,0.06754636919947565
23053,0.009100822523413921
23054,0.011442446825553305
23055,0.7436350068873235
23056,0.03267907073241578
23057,0.3694178607780461
23058,0.12588288096836023
23059,0.010899078570849065
23060,0.043179407096159576
23061,0.04641012102329755
23062,0.08094890602335975
23063,0.40431869940625015
23064,0.8600620321188862
23065,0.04880899395543517
23066,0.37598246888246734
23067,0.2552225253857516
23068,0.8278114286783858
23069,0.019907291104704985
23070,0.01252052022444564
23071,0.7892435113120304
23072,0.09517676743161727
23073,0.520345395932001
23074,0.02929059127826727
23075,0.0185748013830399
23076,0.08358665165380275
23077,0.07773285192803854
23078,0.0256437215062324
23079,0.1211924610503908
23080,0.006145478278236803
23081,0.08751228328082722
23082,0.023982846849117178
23083,0.012479681235263817
23084,0.5904220887154726
23085,0.013154172792100658
23086,0.007715329271974153
23087,0.6382330451891775
23088,0.10931965351352278
23089,0.18427814117046945
23090,0.011442446825553305
23091,0.058611871400002916
23092,0.009744851468818096
23093,0.21477111704523752
23094,0.19436822796295422
23095,0.003464739068391687
23096,0.08774086450552805
23097,0.07383494828295077
23098,0.2341412287178522
23099,0.015231493861295992
23100,0.020991583862084152
23101,0.9029752898194399
23102,0.022492851107142737
23103,0.014833253497871651
23104,0.030526426222677133
23105,0.5334178840901449
23106,0.014488852455426256
23107,0.011614199742057173
23108,0.012569995735593717
23109,0.6657563745919466
23110,0.2516032906982894
23111,0.016078629165499958
23112,0.04770409792255738
23113,0.04431505488023559
23114,0.007930623577228076
23115,0.5026516260468024
23116,0.05503340881994184
23117,0.8767210215200695
23118,0.02464074903387477
23119,0.014429318839921771
23120,0.013387952004470521
23121,0.037615036650162886
23122,0.00980841424744293
23123,0.3081239074856699
23124,0.9703260953734998
23125,0.17000204729203428
23126,0.1175663761377172
23127,0.013944013560907872
23128,0.03585108149894689
23129,0.8465201604425798
23130,0.009789455239741661
23131,0.03651750078865769
23132,0.01999373318680596
23133,0.261841051596975
23134,0.712039690444353
23135,0.4661119210085664
23136,0.05779128788208399
23137,0.16256957553473125
23138,0.22310285185500336
23139,0.006740267699696389
23140,0.6098354424828204
23141,0.02551224204695228
23142,0.5192625774236725
23143,0.026985438437251506
23144,0.8923135788702815
23145,0.05985524563449567
23146,0.7693853598286354
23147,0.13359774727218707
23148,0.009898088355841952
23149,0.009718395735199703
23150,0.06583377625579862
23151,0.01502245605917989
23152,0.016813929269073043
23153,0.14381475936557384
23154,0.6853555080068475
23155,0.06293098125507637
23156,0.01895575738596164
23157,0.0774929900967861
23158,0.07350487347283474
23159,0.05495192764516927
23160,0.07791919201081529
23161,0.07519525470939788
23162,0.9656286160803227
23163,0.1929793963743339
23164,0.014014556206672165
23165,0.03475992969440119
23166,0.9284528878599853
23167,0.08799792517286095
23168,0.4462595823522546
23169,0.14239801266249097
23170,0.021565379049147654
23171,0.5907664757814441
23172,0.24560100651502054
23173,0.04516706028536594
23174,0.03354318638256522
23175,0.007930623577228076
23176,0.33355101288688743
23177,0.05966076482293032
23178,0.8504729495618083
23179,0.007621448723649877
23180,0.01835894324247833
23181,0.4546036047002433
23182,0.1914040385696475
23183,0.8207465973130745
23184,0.12396778920828606
23185,0.046923004561255345
23186,0.018332219527713446
23187,0.9522849204065114
23188,0.017463452250428835
23189,0.07131336965062184
23190,0.06324437223198613
23191,0.039847513155138556
23192,0.03499618310353659
23193,0.010421257339050275
23194,0.009100822523413921
23195,0.08008442532729072
23196,0.03503783309284683
23197,0.3951315291390142
23198,0.06550076140192743
23199,0.12017376221342765
23200,0.9212897111220684
23201,0.011179170590161951
23202,0.6713375027803007
23203,0.21432251146564804
23204,0.06966988268015294
23205,0.022076467226640105
23206,0.9349623547592946
23207,0.0846317976536298
23208,0.7708916844509309
23209,0.009100822523413921
23210,0.470372281539541
23211,0.08960572981331719
23212,0.10812238262555794
23213,0.09213130639071361
23214,0.061770784406381736
23215,0.016813929269073043
23216,0.08151327664308668
23217,0.198959674672835
23218,0.7384170610444147
23219,0.0067513501306382655
23220,0.04934910770873055
23221,0.04911866561695562
23222,0.027447615287059853
23223,0.05692616633200148
23224,0.48193102443088515
23225,0.03864141028671642
23226,0.05198761133247894
23227,0.010993531063996222
23228,0.02484963663458743
23229,0.025206144489473583
23230,0.07644395961295239
23231,0.04716500906830388
23232,0.010181455901859255
23233,0.029980074853493837
23234,0.03186665159378041
23235,0.4678239823878632
23236,0.20327944821359661
23237,0.032935590267462816
23238,0.03246668372838409
23239,0.09703469216061597
23240,0.8710620390136598
23241,0.010604110125083797
23242,0.04504179649943814
23243,0.35178551136670877
23244,0.1602890650959168
23245,0.8173313332918191
23246,0.6761382404374915
23247,0.21537193115696232
23248,0.023906305822996188
23249,0.2852907139782344
23250,0.44865519915535423
23251,0.025500279639258966
23252,0.02820324251033434
23253,0.13877022761717778
23254,0.0772575331418581
23255,0.018416849914895648
23256,0.021338616745670932
23257,0.017223169539046908
23258,0.12351995871893136
23259,0.22922328339027825
23260,0.9609758584296665
23261,0.8543209413554723
23262,0.010473487271794339
23263,0.2183567037677601
23264,0.023281242012098573
23265,0.011773489854519283
23266,0.13269637432278913
23267,0.11941791470982069
23268,0.7678477034003703
23269,0.03036835224023137
23270,0.6629810286553776
23271,0.2033339765211621
23272,0.00787364627476932
23273,0.12250472735728225
23274,0.17780057556001602
23275,0.014654000806321602
23276,0.9478353849544116
23277,0.06683997264171664
23278,0.06065117338654207
23279,0.6695973010699832
23280,0.8203252363996452
23281,0.2415784333194567
23282,0.9658752956022012
23283,0.03701604393111693
23284,0.7640577797743245
23285,0.04629574630607323
23286,0.009100822523413921
23287,0.11294447403442102
23288,0.022533260107446485
23289,0.1882357045243861
23290,0.04514529691359449
23291,0.14641656474490167
23292,0.16121162062799896
23293,0.010069703837482576
23294,0.09048825039820754
23295,0.058042834830724324
23296,0.47657950483521694
23297,0.21184285060091615
23298,0.21424128625908365
23299,0.010991580709764748
23300,0.016879888691077854
23301,0.6124017631372216
23302,0.6636244914989751
23303,0.5582369732396909
23304,0.848670124925035
23305,0.47871769616095455
23306,0.7232801457029437
23307,0.0074130378860350855
23308,0.8037563556263668
23309,0.14065639093584334
23310,0.005051469733095595
23311,0.44404507849659713
23312,0.24646428877545876
23313,0.015301952022217463
23314,0.29888741495669185
23315,0.0271140109868074
23316,0.3895748701619729
23317,0.3608216614972891
23318,0.028229572551834548
23319,0.49508868549531765
23320,0.7961034161274728
23321,0.1801866264142373
23322,0.5439419239764324
23323,0.013460819624372516
23324,0.1008433564785283
23325,0.012215736312627243
23326,0.017914612487622827
23327,0.008709510979966358
23328,0.7249658130410809
23329,0.1451139516589839
23330,0.03825284191285874
23331,0.011706475722427983
23332,0.10535761859733753
23333,0.11208321202443956
23334,0.02698100849645459
23335,0.09469477134014577
23336,0.01568064061139214
23337,0.063721275276042
23338,0.7066791296149795
23339,0.6482101429244624
23340,0.3100312877642007
23341,0.14720485489746007
23342,0.025079160608596027
23343,0.02250266683595556
23344,0.05864897737061369
23345,0.23141887781794473
23346,0.20736250501103662
23347,0.07153032090505959
23348,0.07840491072740281
23349,0.01449966330618968
23350,0.08078416189332269
23351,0.9446001693099826
23352,0.0319374668973436
23353,0.05315302918648894
23354,0.3598828838136123
23355,0.6308662002224623
23356,0.03267907073241578
23357,0.07288495918842902
23358,0.9350756345196234
23359,0.06732404744624981
23360,0.02413820755173783
23361,0.0334139892956243
23362,0.060480367718807666
23363,0.26921256582192443
23364,0.18972901534833686
23365,0.47700270839134074
23366,0.014874996175459423
23367,0.012425172118098288
23368,0.12808034034090046
23369,0.10945585816006866
23370,0.047806720029974444
23371,0.34425915527225204
23372,0.1665461115237408
23373,0.034322829830189194
23374,0.04942839485219011
23375,0.018545887716328303
23376,0.9431538482444022
23377,0.009771814759463112
23378,0.9740253547535163
23379,0.6199697301302196
23380,0.009284385680569546
23381,0.058329008008950044
23382,0.0348762354519848
23383,0.39658840390013744
23384,0.012099723288135283
23385,0.03419574445716097
23386,0.036707949154380394
23387,0.356273968821175
23388,0.5007234165480343
23389,0.31155619088496456
23390,0.9757276768751069
23391,0.01827426986110214
23392,0.02127165572552534
23393,0.02680212937264869
23394,0.10250684122627736
23395,0.01063511183174058
23396,0.168561398181076
23397,0.6315841087511068
23398,0.031866599042839304
23399,0.26539751493631597
23400,0.08645858266367466
23401,0.006912377536720683
23402,0.04811675280320683
23403,0.394873390548787
23404,0.07803235723361818
23405,0.5857642015707467
23406,0.982655362486485
23407,0.022268799949930203
23408,0.026869514531238058
23409,0.2932603546814466
23410,0.02336329091812369
23411,0.08705717653276875
23412,0.10520396786542742
23413,0.026235406213396307
23414,0.03310786812370127
23415,0.017692319471508868
23416,0.024860247993675207
23417,0.02559140668868707
23418,0.01812302461187202
23419,0.006800597103539466
23420,0.01167300059271441
23421,0.5476977561842609
23422,0.20332929026189764
23423,0.009946970621356098
23424,0.02825044735950601
23425,0.2067575108318031
23426,0.0360008565225256
23427,0.013944013560907872
23428,0.05509379868224026
23429,0.02075790450496731
23430,0.0648612155762757
23431,0.7455892279397663
23432,0.030092085643014268
23433,0.4981510511928107
23434,0.047832890969172134
23435,0.009386842543599356
23436,0.7239029379948159
23437,0.07700660102420363
23438,0.04767081960077837
23439,0.24217814962862808
23440,0.22178210646319219
23441,0.011442446825553305
23442,0.39911834387078
23443,0.026656543046062287
23444,0.2879038446457541
23445,0.019738029183225956
23446,0.04582963800848105
23447,0.019559962527953546
23448,0.2116289309836675
23449,0.21837932893613338
23450,0.012943072290947271
23451,0.010650814047678486
23452,0.022268799949930203
23453,0.7005631734517164
23454,0.9735059587541974
23455,0.014429318839921771
23456,0.008715070399014119
23457,0.9191110454006783
23458,0.15803796589584962
23459,0.14927863048624268
23460,0.032117186755906225
23461,0.02567508772581383
23462,0.044887620206130976
23463,0.1964351561648114
23464,0.01794363863473625
23465,0.33383052800142804
23466,0.13437633263908336
23467,0.009210759268908202
23468,0.07262160978216196
23469,0.048015018129441554
23470,0.07518570161781281
23471,0.03483697153097383
23472,0.4465919961525311
23473,0.7809911698926615
23474,0.10074221227839923
23475,0.007930623577228076
23476,0.5227990878257632
23477,0.490220338025552
23478,0.16795631763158078
23479,0.13011155566405377
23480,0.013944013560907872
23481,0.09447477403303284
23482,0.018338725097701607
23483,0.007890331886986299
23484,0.9215497985308767
23485,0.012235461535849224
23486,0.01156059305228897
23487,0.01167300059271441
23488,0.006762810793656972
23489,0.04897069526200936
23490,0.15436866637265678
23491,0.009100822523413921
23492,0.674720811847121
23493,0.006609780597879455
23494,0.07728201901767734
23495,0.16326290024304965
23496,0.03443562487622987
23497,0.6872725664100848
23498,0.1054053809072714
23499,0.03053372412348466
23500,0.028394053544528668
23501,0.02117880954435148
23502,0.024559857012991026
23503,0.0425790041070888
23504,0.6865353146707669
23505,0.046757362018291775
23506,0.01418067380625442
23507,0.03315774554643005
23508,0.0679653608490617
23509,0.08292833123876102
23510,0.022972726686076608
23511,0.8427942955502835
23512,0.802106789372496
23513,0.015735616259265367
23514,0.9613672425595329
23515,0.21620500936520168
23516,0.013177332571867763
23517,0.018268924743104927
23518,0.008882574695554509
23519,0.01492094782629808
23520,0.2640607309784695
23521,0.8495431193029629
23522,0.022388623574778437
23523,0.06151117287051139
23524,0.01895575738596164
23525,0.6482338877619476
23526,0.8351118658098164
23527,0.1510786948058409
23528,0.04768780843073106
23529,0.07803235723361818
23530,0.7199839438792296
23531,0.24299627820497113
23532,0.04362606286944028
23533,0.2587461507516765
23534,0.013944013560907872
23535,0.03691649692478112
23536,0.017415954083567494
23537,0.009100822523413921
23538,0.43222161329336045
23539,0.01554777430261121
23540,0.31847491743851497
23541,0.01074536192033064
23542,0.10238492992330887
23543,0.04679784447694239
23544,0.027218105126675506
23545,0.16621319929105444
23546,0.5163238632693692
23547,0.012001287751201973
23548,0.01825816339922896
23549,0.019520682645211302
23550,0.22096044809480536
23551,0.00882633693849497
23552,0.013387952004470521
23553,0.7404508527018894
23554,0.009471070751361787
23555,0.9720354544626537
23556,0.029281008529132232
23557,0.06309064934104912
23558,0.025546373869006753
23559,0.03652520000057893
23560,0.035541224882345526
23561,0.9521469817972169
23562,0.023982846849117178
23563,0.17773538088596233
23564,0.025816745287845687
23565,0.27300271212947974
23566,0.028223884934722353
23567,0.3546723235813779
23568,0.09425572993172354
23569,0.781169605210602
23570,0.9392059430182493
23571,0.8640742025058502
23572,0.017874316455815612
23573,0.0385748744198364
23574,0.00799915662191307
23575,0.012452010533667948
23576,0.016734151003155538
23577,0.013820380911854882
23578,0.008806189338768334
23579,0.6873610763115
23580,0.8128383908551873
23581,0.029376163071407755
23582,0.009100822523413921
23583,0.008589372943398312
23584,0.012215736312627243
23585,0.030316272997538352
23586,0.04808397614106019
23587,0.009920718358006874
23588,0.016813929269073043
23589,0.15212304912712168
23590,0.011997200757672143
23591,0.04255245337286226
23592,0.03151520239488406
23593,0.030226725757862623
23594,0.06310151889038354
23595,0.9302725379193434
23596,0.349156005026297
23597,0.8533727436750681
23598,0.1151495204931425
23599,0.020370976786673597
23600,0.07518570161781281
23601,0.08182544748477816
23602,0.07929639033652859
23603,0.04226354705897352
23604,0.07019607313891676
23605,0.01508031056693826
23606,0.7253001585780875
23607,0.9059938926249601
23608,0.014300043554661903
23609,0.07514596016451902
23610,0.06369219784427867
23611,0.01794363863473625
23612,0.20975589650770143
23613,0.1501650642790048
23614,0.0035849896443472993
23615,0.8357095855047887
23616,0.039698017130609414
23617,0.0067932000165688775
23618,0.8321923295561143
23619,0.02778573252301329
23620,0.02509120426215248
23621,0.14816610729030016
23622,0.10010077548661195
23623,0.022972726686076608
23624,0.0845055388177101
23625,0.9671111941819979
23626,0.02431490105448855
23627,0.00995113905004301
23628,0.025462655748943384
23629,0.009227788192362812
23630,0.08000466372672764
23631,0.812326362320007
23632,0.03483697153097383
23633,0.849724184294422
23634,0.02364164573646201
23635,0.031687236245692606
23636,0.04067817708544147
23637,0.009419176299121654
23638,0.0877351971297848
23639,0.031541111080240776
23640,0.00843313255683679
23641,0.012568347630068973
23642,0.048902666600671094
23643,0.12821108925119523
23644,0.124893322856096
23645,0.010239681984858681
23646,0.5965990885463363
23647,0.009467888251074629
23648,0.2145376113036092
23649,0.18541953032235564
23650,0.9294953842722891
23651,0.03267907073241578
23652,0.03594205532307534
23653,0.9378476770847197
23654,0.02043867331467815
23655,0.5752343353185558
23656,0.05495192764516927
23657,0.13027656496826284
23658,0.6062866732079677
23659,0.11508473970713026
23660,0.07444583898758454
23661,0.07518570161781281
23662,0.12365908166451785
23663,0.015442693736172412
23664,0.8950483846113343
23665,0.013944013560907872
23666,0.08907962405112445
23667,0.11225330343475728
23668,0.01893238742761851
23669,0.8769502498748168
23670,0.014193628297477619
23671,0.0739460430766133
23672,0.01360230686398032
23673,0.00737943039612693
23674,0.86211848089924
23675,0.06923994293123828
23676,0.011772708255528865
23677,0.1465011933938806
23678,0.8945390099910268
23679,0.09230414854022795
23680,0.08183140806741106
23681,0.22310285185500336
23682,0.008314525912459356
23683,0.24123172064113832
23684,0.0071438857342975455
23685,0.46136437679358283
23686,0.10693389817073391
23687,0.9056017499035424
23688,0.008695239306957024
23689,0.1005222077731384
23690,0.2077035684585425
23691,0.5836777348870785
23692,0.008646015702699208
23693,0.944556622145623
23694,0.9227471558166648
23695,0.009714118400712063
23696,0.30896224755667306
23697,0.029384826825621796
23698,0.8031514946232928
23699,0.02280546925378182
23700,0.03461905428033051
23701,0.01594646175267883
23702,0.6208195768437845
23703,0.016658623751670543
23704,0.2964590065099366
23705,0.014889000675203948
23706,0.020527511101421047
23707,0.03246668372838409
23708,0.36218148849717113
23709,0.058388118012432745
23710,0.012453223381084419
23711,0.058447667643449296
23712,0.007930623577228076
23713,0.26360442662188344
23714,0.7353869623233076
23715,0.9685466801146705
23716,0.13728518267517706
23717,0.22160383824309327
23718,0.011239032952678517
23719,0.022745336652273365
23720,0.18381762396033513
23721,0.013174412094247705
23722,0.013250408394529645
23723,0.97842059044074
23724,0.042711317156163144
23725,0.0075770376465365665
23726,0.028572116004115182
23727,0.12395524020775073
23728,0.386105778971554
23729,0.009710260438041796
23730,0.9300415773645405
23731,0.020092739120753243
23732,0.015239495336076582
23733,0.016813929269073043
23734,0.9309404896096737
23735,0.05086730530232092
23736,0.021533334708118166
23737,0.07315810400639734
23738,0.05561640466315901
23739,0.10124894437517254
23740,0.1331477278190043
23741,0.6371083936654098
23742,0.13512075858593176
23743,0.025878467067788617
23744,0.10571916932337753
23745,0.9519363988110415
23746,0.0662312971292958
23747,0.029951681598566152
23748,0.9365170929354395
23749,0.3260186307746765
23750,0.5104971611159351
23751,0.04886574323320336
23752,0.9661024472574645
23753,0.024559857012991026
23754,0.05609630039578725
23755,0.0839938269118475
23756,0.04482932251744169
23757,0.2034961442583147
23758,0.017788541486278092
23759,0.3785754559487594
23760,0.036697226200817515
23761,0.02075790450496731
23762,0.01233454817981417
23763,0.8349763082659821
23764,0.011442446825553305
23765,0.03762220269237385
23766,0.011532931206415634
23767,0.04054815299714109
23768,0.8061920357955481
23769,0.10240916514034208
23770,0.175538350738802
23771,0.03615299237140967
23772,0.18969522723302187
23773,0.012907155856654454
23774,0.2870878395912045
23775,0.5707876969703509
23776,0.02075790450496731
23777,0.11872312433215682
23778,0.9363436354991368
23779,0.14982163939132861
23780,0.8175356358876236
23781,0.01461299927816131
23782,0.0862068344643178
23783,0.01827426986110214
23784,0.005620560023100517
23785,0.010571555892448264
23786,0.5802025067068716
23787,0.2293803582781597
23788,0.06468878255714944
23789,0.36982401206031806
23790,0.6449110881439347
23791,0.013387952004470521
23792,0.013034399024253128
23793,0.007975477380274956
23794,0.005561256721443599
23795,0.013370288565338619
23796,0.009499766457749617
23797,0.8434492185311452
23798,0.030595074126526182
23799,0.39437812211628537
23800,0.18587746005650657
23801,0.30988701834708177
23802,0.1623947740849857
23803,0.5487165070690038
23804,0.023979434008570232
23805,0.8209009548228764
23806,0.5896024328172741
23807,0.15500939689194815
23808,0.03912974412894908
23809,0.7582632480904119
23810,0.02098699982974767
23811,0.4167355856115141
23812,0.9514954146698037
23813,0.08973568588349086
23814,0.010421257339050275
23815,0.014926222324121564
23816,0.01525724234426312
23817,0.8662141244707676
23818,0.011716824334834161
23819,0.22401165756277963
23820,0.01167300059271441
23821,0.013219746297409666
23822,0.023842177381792343
23823,0.06149142497777601
23824,0.05359015783470423
23825,0.03114595455609936
23826,0.15101161963362636
23827,0.15724541256915206
23828,0.008258866873987124
23829,0.04437707543958548
23830,0.08586749951037805
23831,0.14973944232188252
23832,0.7525425752925943
23833,0.008258866873987124
23834,0.012391334260850918
23835,0.02614836298705808
23836,0.0658292040072402
23837,0.13874595996899122
23838,0.05464803084649372
23839,0.02923804174607344
23840,0.20343139160037563
23841,0.6825277806937066
23842,0.22798692969503234
23843,0.023049539339563444
23844,0.1865019141684154
23845,0.2277816734053974
23846,0.0250995601269193
23847,0.007799927921954881
23848,0.00820697295862985
23849,0.8684723583002809
23850,0.011693672285271649
23851,0.4712708148831935
23852,0.00830452490873475
23853,0.009655356558083951
23854,0.6095660774410114
23855,0.06519722834044368
23856,0.2587237753800466
23857,0.22346098331727487
23858,0.16596318162501497
23859,0.018721450601791714
23860,0.01230217075474623
23861,0.05594575065469371
23862,0.020612362342584345
23863,0.011248565796424399
23864,0.0156878999392379
23865,0.14785560730207792
23866,0.012034460390937545
23867,0.8805920706036838
23868,0.4100665856506231
23869,0.04215175046797504
23870,0.02238243562061031
23871,0.5529502603271722
23872,0.06061235704689982
23873,0.025138361382681138
23874,0.772700252048434
23875,0.006905591419713279
23876,0.08114982160358344
23877,0.11152528091448251
23878,0.921087841908233
23879,0.03131013473835552
23880,0.011248565796424399
23881,0.9219130647389507
23882,0.9032431791119849
23883,0.0538610852338753
23884,0.022972726686076608
23885,0.9464714988535128
23886,0.01900954443022451
23887,0.007930623577228076
23888,0.20605241367735636
23889,0.35940716167633724
23890,0.014581584468489188
23891,0.01794363863473625
23892,0.29297424880559964
23893,0.19439891190327432
23894,0.10009147898607008
23895,0.005130914498232092
23896,0.22695867546246923
23897,0.1737453424445217
23898,0.011367889850994833
23899,0.0292364455339992
23900,0.036274221555581555
23901,0.037012206222101184
23902,0.025287185214574567
23903,0.05259773204756874
23904,0.07528837350480079
23905,0.028022326152960308
23906,0.0206678359307589
23907,0.051298648538201784
23908,0.012158710355053325
23909,0.011468861964268868
23910,0.01810679166540469
23911,0.017663054085647244
23912,0.08758595142582591
23913,0.016658623751670543
23914,0.015747729201260188
23915,0.009467888251074629
23916,0.4562274479860697
23917,0.007345952137115921
23918,0.8122894255316939
23919,0.02084474506280815
23920,0.5405052709208539
23921,0.021933793174232965
23922,0.08433427826284033
23923,0.8065722375767215
23924,0.008806189338768334
23925,0.9499813322627974
23926,0.0038653965774064496
23927,0.3105959173618059
23928,0.04651568729408724
23929,0.32576005342023384
23930,0.027627217349158198
23931,0.012954365394660801
23932,0.22643241151836763
23933,0.11139485707860124
23934,0.08558857945428337
23935,0.018848342656096063
23936,0.10534420002714817
23937,0.0653008498708844
23938,0.03669901143317448
23939,0.3243551618844486
23940,0.13565443936137644
23941,0.9145038610125006
23942,0.04651568729408724
23943,0.031020015551686275
23944,0.1432823740653634
23945,0.08799792517286095
23946,0.012542774118614238
23947,0.07363682906427682
23948,0.5773684030521463
23949,0.057276292676509154
23950,0.012215736312627243
23951,0.008957028431589027
23952,0.03042926839741504
23953,0.04425811013568858
23954,0.09720957144792267
23955,0.04721191946295682
23956,0.12131597576197549
23957,0.007363583088870951
23958,0.6229614847221022
23959,0.011071343898770304
23960,0.16749428588373222
23961,0.15946339760517197
23962,0.004225444024855548
23963,0.37244851891736563
23964,0.13831065562503947
23965,0.0068986595456933
23966,0.009771814759463112
23967,0.009100822523413921
23968,0.035644315190746824
23969,0.06966988268015294
23970,0.8735058033250932
23971,0.01167300059271441
23972,0.006747616487169191
23973,0.04254283108195841
23974,0.4980167798967826
23975,0.9486091881776303
23976,0.01102630152754254
23977,0.9609004291426023
23978,0.023619307293059374
23979,0.3326268384029884
23980,0.5023876831138551
23981,0.012627045870746026
23982,0.06458412297631572
23983,0.958177183395855
23984,0.0771678419838524
23985,0.007211644587127031
23986,0.07142803272293721
23987,0.23668728797215347
23988,0.01854406752520607
23989,0.10244365020062582
23990,0.08198958363342843
23991,0.5835897334100248
23992,0.2360441921586071
23993,0.012215736312627243
23994,0.6221953139855131
23995,0.09138720614605651
23996,0.0938205289140534
23997,0.05100247959658203
23998,0.8693099916448175
23999,0.3048215972559482
24000,0.023075484378963337
24001,0.02572322874913459
24002,0.06324437223198613
24003,0.07236446900137991
24004,0.21620500936520168
24005,0.6651031896682297
24006,0.3771158251571895
24007,0.014207048191482944
24008,0.03243188724329176
24009,0.01311388378204351
24010,0.011442446825553305
24011,0.014984587329273363
24012,0.01917491281849398
24013,0.24953169526962113
24014,0.8017458875129013
24015,0.6244059017629612
24016,0.02565236955065434
24017,0.6638541812736843
24018,0.011224007012381085
24019,0.017011398868434544
24020,0.05564105568854001
24021,0.02690379738329868
24022,0.07983436318569272
24023,0.9586652882198955
24024,0.8429768325366943
24025,0.03483697153097383
24026,0.023842177381792343
24027,0.03151520239488406
24028,0.016018615462315696
24029,0.3104329319275931
24030,0.01808839476862683
24031,0.009803435656034986
24032,0.1486461913055348
24033,0.02190310107880878
24034,0.08570735187635456
24035,0.02330564207824782
24036,0.2431662128482175
24037,0.031458793636386775
24038,0.34564025623063743
24039,0.9090987620684574
24040,0.00903152588081635
24041,0.9411116310325375
24042,0.7990588972914244
24043,0.16749428588373222
24044,0.512151998972867
24045,0.9200169574583301
24046,0.36039406609347546
24047,0.08472924951911281
24048,0.3145422630934513
24049,0.09092545316421168
24050,0.11031602919290058
24051,0.015016869544519756
24052,0.05256550786381412
24053,0.13442173353734566
24054,0.016790359655438118
24055,0.2825520837626357
24056,0.028816789898910677
24057,0.04402556198248
24058,0.13624275672327812
24059,0.8608120729300119
24060,0.840917784999238
24061,0.0177722309808996
24062,0.023190795918470335
24063,0.10007796222176335
24064,0.037833828226408524
24065,0.0323538520572618
24066,0.10023987813536196
24067,0.019410812537979664
24068,0.2185628073491399
24069,0.01626517024943244
24070,0.5496158402571409
24071,0.11205225514571188
24072,0.11186275802086697
24073,0.7169878869804635
24074,0.028984748673456733
24075,0.9555264786019071
24076,0.028907272364815675
24077,0.20938309971260077
24078,0.010351340217475545
24079,0.6857357304823144
24080,0.19326780547623668
24081,0.006248717992544507
24082,0.4697579113091874
24083,0.9143159921869982
24084,0.021533334708118166
24085,0.6149609596303017
24086,0.009920718358006874
24087,0.02950270028832156
24088,0.12223141642984794
24089,0.4853560209521562
24090,0.12125729639209344
24091,0.07628254109647707
24092,0.008436417399218353
24093,0.04656343538672565
24094,0.06641804387053468
24095,0.0038653965774064496
24096,0.24602094785115827
24097,0.09600100423069617
24098,0.5122940560851235
24099,0.09908167859114876
24100,0.04148920030595965
24101,0.05450688601447367
24102,0.017914612487622827
24103,0.8820666420396771
24104,0.08659437220173383
24105,0.13831065562503947
24106,0.01747251439491148
24107,0.011716824334834161
24108,0.013355886925258683
24109,0.878095760137124
24110,0.9068010952665786
24111,0.9018133618157778
24112,0.3326268384029884
24113,0.024493946196972594
24114,0.05981111724136373
24115,0.017874316455815612
24116,0.9774559814368436
24117,0.10450238544854042
24118,0.035273281883699374
24119,0.12154291760208007
24120,0.048294088820226996
24121,0.22575080295994335
24122,0.013442722824473516
24123,0.012158710355053325
24124,0.1816203220465184
24125,0.014776023741004068
24126,0.04082159061049879
24127,0.01167300059271441
24128,0.019907291104704985
24129,0.016068129573376163
24130,0.06598443788693766
24131,0.07645274702943661
24132,0.018641778810066807
24133,0.1987843694409306
24134,0.9170408369559095
24135,0.44279763020058505
24136,0.14902049123748726
24137,0.013387952004470521
24138,0.03959480839118408
24139,0.00770726249261993
24140,0.015133173973452655
24141,0.9194028676231527
24142,0.11643109206275536
24143,0.7996873230270086
24144,0.5466628046933952
24145,0.05323252074169002
24146,0.25041297652034195
24147,0.09401738152348638
24148,0.043208341089803384
24149,0.11789867364967387
24150,0.10355176568142656
24151,0.22289991460802752
24152,0.8884213938674371
24153,0.10195955483537528
24154,0.3974236930723866
24155,0.10608146858902047
24156,0.14004121733343713
24157,0.052017153547491604
24158,0.25832945318859535
24159,0.016483159103211242
24160,0.07854733717651645
24161,0.9770555319346501
24162,0.01056920016583316
24163,0.0684327713131576
24164,0.041674713445905676
24165,0.08279808486612644
24166,0.031959834366514395
24167,0.8734753204529819
24168,0.09339966346030835
24169,0.008715165157577196
24170,0.017417683375301956
24171,0.22756510830127127
24172,0.022714302409616905
24173,0.0065682123519357
24174,0.835881379121655
24175,0.1058677451623237
24176,0.036293455425708235
24177,0.052232434620302665
24178,0.9383559979657476
24179,0.03564752117741219
24180,0.1775221607088189
24181,0.47121992046425876
24182,0.012215736312627243
24183,0.013012489362276248
24184,0.2834950148161993
24185,0.8965147793473696
24186,0.01812302461187202
24187,0.022972726686076608
24188,0.011481521502635306
24189,0.12183179197709423
24190,0.21960417175218142
24191,0.021533334708118166
24192,0.9623569131168992
24193,0.008597968706402311
24194,0.011805305773202872
24195,0.01870752624684905
24196,0.10530141502556209
24197,0.45839837388415194
24198,0.006905591419713279
24199,0.7914063419770708
24200,0.07953187557507328
24201,0.012325695505726292
24202,0.1313159853861341
24203,0.3706550426905653
24204,0.037900254852164215
24205,0.0835330589625104
24206,0.10187791164800576
24207,0.2915712695333927
24208,0.02511887054313227
24209,0.0976435490254722
24210,0.03986781958611107
24211,0.11991317541607276
24212,0.007473771256711162
24213,0.12204733105062335
24214,0.02563204388808862
24215,0.44011495649554233
24216,0.13835163129537031
24217,0.022268799949930203
24218,0.06814582959927164
24219,0.44305938221918656
24220,0.014588390416246814
24221,0.2964706543839776
24222,0.03957821549417736
24223,0.03337696259325619
24224,0.18872110220748092
24225,0.13396219048241462
24226,0.02797546233954726
24227,0.024131178519615094
24228,0.017551621827872104
24229,0.12846569563435303
24230,0.6158370192012779
24231,0.016688949786422255
24232,0.04371539565371476
24233,0.010034137504414719
24234,0.010157435661562346
24235,0.15679007735641798
24236,0.7579788595064367
24237,0.42362443541640704
24238,0.04012803799810987
24239,0.4507489483422758
24240,0.04397305716871879
24241,0.2893693092597076
24242,0.010667277505143586
24243,0.06727950464896362
24244,0.04210710210504737
24245,0.026276645708979245
24246,0.04582963800848105
24247,0.023768023182214125
24248,0.01625663913569078
24249,0.023370865104804815
24250,0.023314481138467118
24251,0.01781041403434296
24252,0.011403789628140832
24253,0.07432686250201452
24254,0.8297854738419692
24255,0.02075790450496731
24256,0.013820901425744747
24257,0.05980341927081169
24258,0.12047457105853947
24259,0.07060849825795716
24260,0.10565504402732567
24261,0.10727909160656236
24262,0.044168302773634864
24263,0.15198920365145643
24264,0.014553492614311492
24265,0.09469477134014577
24266,0.01126821585838425
24267,0.0985805706177414
24268,0.011439982644498263
24269,0.035653417256216714
24270,0.8198427481733239
24271,0.016014413471681206
24272,0.03711015869115735
24273,0.02075790450496731
24274,0.057078922507127434
24275,0.7832591631772077
24276,0.10611663651506298
24277,0.1483420335861826
24278,0.041389850300920135
24279,0.012215736312627243
24280,0.16223270886916474
24281,0.05119529744395738
24282,0.3566778371319377
24283,0.02562983900987749
24284,0.01813637249038869
24285,0.030305650638623553
24286,0.17867314415263372
24287,0.37386452926067626
24288,0.6723230750616621
24289,0.04110591638172754
24290,0.12808034034090046
24291,0.023996449441693986
24292,0.04873943659143364
24293,0.06210227400819047
24294,0.10035495923105338
24295,0.019053790095373484
24296,0.01121761150201599
24297,0.02321894801077606
24298,0.39480651075185286
24299,0.08119291692744741
24300,0.02031399765229457
24301,0.09943918222555977
24302,0.013944013560907872
24303,0.015200473742985237
24304,0.012565537522868674
24305,0.03267907073241578
24306,0.003576191324262052
24307,0.9092727404618801
24308,0.734760704142139
24309,0.024026792892162384
24310,0.042057541798549904
24311,0.12403457731922866
24312,0.008550025282313505
24313,0.010379648641216056
24314,0.027412186637888674
24315,0.032890940248077566
24316,0.03483697153097383
24317,0.2604377750111571
24318,0.8393770568841106
24319,0.8447668135953462
24320,0.020924828597090408
24321,0.026130337996899074
24322,0.03893573889768977
24323,0.03599679440038597
24324,0.014358540440118275
24325,0.9071339095787527
24326,0.9251606569352298
24327,0.06584685935361587
24328,0.012838870657388549
24329,0.014203660429881056
24330,0.39467845883046543
24331,0.027165671525464105
24332,0.045629349013696495
24333,0.06550076140192743
24334,0.13923029601942727
24335,0.1974273502738972
24336,0.9527064784362701
24337,0.43266285608879407
24338,0.1741620788683347
24339,0.6176617328027766
24340,0.09203872549767962
24341,0.17709683014132468
24342,0.09784579198380991
24343,0.009893307061063738
24344,0.011442446825553305
24345,0.1428359976632735
24346,0.03441470222157926
24347,0.29282206347742207
24348,0.022972726686076608
24349,0.8818876753550308
24350,0.07134905518087856
24351,0.013944013560907872
24352,0.29560349443117173
24353,0.011716824334834161
24354,0.04641012102329755
24355,0.05311487214031064
24356,0.01639607802498633
24357,0.1279637051414087
24358,0.023354466400945104
24359,0.02959256510987868
24360,0.019699054837975384
24361,0.10038512337207285
24362,0.013294277401911738
24363,0.8762312662370318
24364,0.05746257983356036
24365,0.0868407828445392
24366,0.015249118389569036
24367,0.08292833123876102
24368,0.10608146858902047
24369,0.012158710355053325
24370,0.010899968184534578
24371,0.058611871400002916
24372,0.014654000806321602
24373,0.9372668804052743
24374,0.07200629843171251
24375,0.864510878119097
24376,0.14460874404333912
24377,0.057690966050682295
24378,0.011442446825553305
24379,0.6685148528744941
24380,0.8718771537225194
24381,0.8686091990035354
24382,0.007930623577228076
24383,0.35897753393723153
24384,0.3411661947408946
24385,0.03151520239488406
24386,0.11751530592570868
24387,0.6010863192358595
24388,0.01038813165753239
24389,0.018863059839772985
24390,0.08995694129886217
24391,0.6860272585205995
24392,0.13726100024047044
24393,0.033212372337933886
24394,0.04253486832985708
24395,0.053202571524515276
24396,0.8890459873509032
24397,0.010086881664170304
24398,0.012215736312627243
24399,0.007641210997423259
24400,0.030100011406860562
24401,0.01121761150201599
24402,0.029395684452892347
24403,0.8413921447565718
24404,0.015711476925783282
24405,0.07540078951957412
24406,0.021174937282246932
24407,0.440393194283499
24408,0.7365923841773448
24409,0.0174902120115497
24410,0.6577532163088041
24411,0.02042200171982844
24412,0.15025403636154822
24413,0.026994830552471608
24414,0.03483697153097383
24415,0.008695239306957024
24416,0.013387952004470521
24417,0.013944013560907872
24418,0.8115321486777923
24419,0.022079492154919302
24420,0.01276137937672831
24421,0.0323385830080889
24422,0.6357506189078415
24423,0.015144770898250143
24424,0.013387952004470521
24425,0.11683690980166052
24426,0.286808987364386
24427,0.016813929269073043
24428,0.12306629151054897
24429,0.8075464053813247
24430,0.1304196249059484
24431,0.0334139892956243
24432,0.008898384638971102
24433,0.061409544026790615
24434,0.012078830329304669
24435,0.26404272885781127
24436,0.12808034034090046
24437,0.39158428495271885
24438,0.01679508246207834
24439,0.05441872406408967
24440,0.01337702100308614
24441,0.02584145726076905
24442,0.041970007664961305
24443,0.6293642500524809
24444,0.12484526622871724
24445,0.9309404896096737
24446,0.1338680860887788
24447,0.4611113767885576
24448,0.007715329271974153
24449,0.2289913188062535
24450,0.019046939984689322
24451,0.1404710396084964
24452,0.6832822127020733
24453,0.291976220533247
24454,0.043825867335194314
24455,0.056284060243916766
24456,0.11599579636952657
24457,0.1041405203830424
24458,0.017839217032552715
24459,0.13143027095653026
24460,0.008148490259118324
24461,0.016813929269073043
24462,0.8355994710252843
24463,0.011082699844585793
24464,0.17324089584711905
24465,0.6161745056639147
24466,0.8629298156116272
24467,0.09983510701472352
24468,0.009178449869000224
24469,0.009893307061063738
24470,0.02076684349622242
24471,0.9753081188668526
24472,0.13914470877397175
24473,0.7693853598286354
24474,0.1710583513742288
24475,0.00898165380792137
24476,0.017018580381487843
24477,0.07383494828295077
24478,0.20865237702972056
24479,0.03455963263787432
24480,0.027218277215950198
24481,0.015193543728486003
24482,0.6539890053747858
24483,0.10851380956221696
24484,0.023136480453421322
24485,0.01946908916108643
24486,0.0202550220302371
24487,0.17049122755330148
24488,0.2830343153973188
24489,0.009840496846892994
24490,0.019481364498683464
24491,0.4472484898184334
24492,0.07960952404472395
24493,0.0156878999392379
24494,0.09856104844387462
24495,0.03628484467407764
24496,0.01852470170243412
24497,0.07134905518087856
24498,0.2259268023647777
24499,0.02790386188497867
24500,0.01034206262082554
24501,0.34070220595156564
24502,0.021082473361790952
24503,0.011442446825553305
24504,0.012255381481080763
24505,0.011103677606995694
24506,0.04248876176290583
24507,0.009655356558083951
24508,0.009100822523413921
24509,0.13247729091659724
24510,0.1602851477575801
24511,0.35074215341258097
24512,0.10608146858902047
24513,0.012995275044966966
24514,0.8185457460684648
24515,0.17919660299413853
24516,0.012630205325079715
24517,0.01895575738596164
24518,0.97443847611276
24519,0.9610024015327028
24520,0.016793634978632378
24521,0.06512548240360992
24522,0.010078126978063765
24523,0.8000312869848779
24524,0.03403714252335951
24525,0.1857532688694538
24526,0.008549249756038761
24527,0.025695065638180168
24528,0.23872302168078294
24529,0.022972726686076608
24530,0.016813929269073043
24531,0.01418317344320011
24532,0.9679499793694378
24533,0.5947407392489271
24534,0.19360134591597195
24535,0.16430745327655089
24536,0.2693318483121166
24537,0.10353438522786441
24538,0.10321630984738385
24539,0.3871227376362806
24540,0.6597724854626281
24541,0.016002107230013215
24542,0.1493053863412586
24543,0.08804616122646727
24544,0.14644570867867324
24545,0.015301296790841539
24546,0.12502571598175954
24547,0.08578061751875805
24548,0.9623216887772031
24549,0.03355409455524714
24550,0.012693237662712359
24551,0.0085683010459268
24552,0.012826531959839849
24553,0.014191312258687784
24554,0.04934910770873055
24555,0.02314371483788484
24556,0.005238401762930276
24557,0.043193142095663765
24558,0.9510888680952503
24559,0.08008442532729072
24560,0.8815949965505684
24561,0.34474503350287683
24562,0.9568301125029738
24563,0.017810037021236468
24564,0.011267899561796222
24565,0.08642862751990606
24566,0.019521166911540926
24567,0.03267907073241578
24568,0.6646190258789108
24569,0.013944013560907872
24570,0.29161911326188283
24571,0.010138736415118922
24572,0.13187617823149206
24573,0.008060588650482684
24574,0.02984233796375633
24575,0.023195188435213055
24576,0.9698904779025013
24577,0.011705894337361356
24578,0.00952232224333373
24579,0.8777163956613551
24580,0.02778573252301329
24581,0.9526533571615784
24582,0.34058590525468946
24583,0.9210988769076335
24584,0.9350756345196234
24585,0.01617739142596866
24586,0.043593218165575626
24587,0.2040523963161019
24588,0.01892329555732969
24589,0.057583629527537525
24590,0.261421403882825
24591,0.007930623577228076
24592,0.4600795255095384
24593,0.07232255875863809
24594,0.45392995604672676
24595,0.008800742463465136
24596,0.9623569131168992
24597,0.04169524255247777
24598,0.009100822523413921
24599,0.02814677082692031
24600,0.1686280268659378
24601,0.14868241430069534
24602,0.027115242643821733
24603,0.01369810991502567
24604,0.007930623577228076
24605,0.019909888985832517
24606,0.8734424586069186
24607,0.010077329251994366
24608,0.035022963059836446
24609,0.25340910059141375
24610,0.010077785622892594
24611,0.02062842575995048
24612,0.672826839159987
24613,0.03428873138767879
24614,0.009707864445659726
24615,0.12442949361662939
24616,0.8714390632366812
24617,0.062020544219854666
24618,0.8671984880265728
24619,0.0396136438000373
24620,0.1545302752495224
24621,0.38446302836508334
24622,0.012641547506390663
24623,0.16876189699450023
24624,0.011716824334834161
24625,0.804988086581828
24626,0.29236194837478163
24627,0.030379085122134438
24628,0.2248649934895185
24629,0.027964564731270614
24630,0.2556007388206882
24631,0.023858577644133273
24632,0.012082000422778263
24633,0.005442153865558732
24634,0.5006086571319825
24635,0.10240916514034208
24636,0.04581976228357797
24637,0.5089800898206646
24638,0.02187038421280211
24639,0.04438669973004746
24640,0.009966005706363747
24641,0.4179013932149684
24642,0.7245942485379545
24643,0.022376779615727663
24644,0.11205004097250762
24645,0.2558561690256937
24646,0.6803131886387148
24647,0.19737367353983531
24648,0.3727753445034496
24649,0.022334228581380348
24650,0.04483267514274419
24651,0.022688263511557703
24652,0.162435732839684
24653,0.3698675022905762
24654,0.9601637847499357
24655,0.043275160653178886
24656,0.004495434015485622
24657,0.7178980907110528
24658,0.41535801190838784
24659,0.013761784063771229
24660,0.011442446825553305
24661,0.10319019088021374
24662,0.8574367175050708
24663,0.011716824334834161
24664,0.06506278424197699
24665,0.012177064008835208
24666,0.017914612487622827
24667,0.07042306851946323
24668,0.4735777605597546
24669,0.44305938221918656
24670,0.5978239418332858
24671,0.9680836687031333
24672,0.09092545316421168
24673,0.007663796801649077
24674,0.1758762659048414
24675,0.017390944997692476
24676,0.008823924085850001
24677,0.9150059994909417
24678,0.9315091406470185
24679,0.07406865406624967
24680,0.8340081619517541
24681,0.016234218591924025
24682,0.013823901588406452
24683,0.05978503578907598
24684,0.9666902791939707
24685,0.10404582541364689
24686,0.1357518871589953
24687,0.09358028866578773
24688,0.6237612737740993
24689,0.5092837132160096
24690,0.011442446825553305
24691,0.015697928594174477
24692,0.8137358269668288
24693,0.07123887172918145
24694,0.11068985284283936
24695,0.03041197389635012
24696,0.32617781483372194
24697,0.009047105049197906
24698,0.011040377609106677
24699,0.6181602171939186
24700,0.04921922632663558
24701,0.005031511276902483
24702,0.053641244560244945
24703,0.013275874473585489
24704,0.05344988686345663
24705,0.2460148456383358
24706,0.14080763299067903
24707,0.6527300143007121
24708,0.05919589028276692
24709,0.10874239161138897
24710,0.03483697153097383
24711,0.025437665370678302
24712,0.34053208221786885
24713,0.09773797211089237
24714,0.09359914544538606
24715,0.05966076482293032
24716,0.5144525537955981
24717,0.0382126867144027
24718,0.011715971747905684
24719,0.11790710095492843
24720,0.31348047191254585
24721,0.27512641301134777
24722,0.008381866177374526
24723,0.005313624358804369
24724,0.051850134700405934
24725,0.5759463035494675
24726,0.1618165192839758
24727,0.03966452831487087
24728,0.92860516840415
24729,0.048804368423299195
24730,0.009568438801337373
24731,0.07991855042958074
24732,0.0529451750758951
24733,0.051850134700405934
24734,0.2774557956110498
24735,0.01373877030478543
24736,0.19061998666351634
24737,0.011295683172631424
24738,0.25964838598219
24739,0.006035747268275427
24740,0.1261712152463682
24741,0.06759259917453539
24742,0.37932418675474583
24743,0.007126689665228833
24744,0.23033232526352584
24745,0.14172881261533676
24746,0.025355569521388253
24747,0.10005992567770748
24748,0.7836219901520541
24749,0.03235306831357495
24750,0.08213094640208679
24751,0.03989986523154644
24752,0.012648941454012906
24753,0.061368566271239176
24754,0.1108158373992595
24755,0.023266821062267833
24756,0.02696692111626873
24757,0.3676734352825102
24758,0.0270658162550614
24759,0.015544479137544039
24760,0.016421020206537826
24761,0.013796338518653603
24762,0.3043327161842386
24763,0.10325283361738881
24764,0.012739095842544004
24765,0.03677898226035772
24766,0.022414311322029343
24767,0.06331409546467479
24768,0.0371099930244456
24769,0.11493332547151396
24770,0.02410420768743835
24771,0.009100822523413921
24772,0.14816610729030016
24773,0.08115330659882211
24774,0.18486492486304062
24775,0.016517445954387
24776,0.12288329299302572
24777,0.017867601841130572
24778,0.8463727605879431
24779,0.028406051362331677
24780,0.009812343258710542
24781,0.01629586398605409
24782,0.9153343603382941
24783,0.08275407140953228
24784,0.22228737874927187
24785,0.39797280624772347
24786,0.16966860339766596
24787,0.00946679743387983
24788,0.7477535924302378
24789,0.09806275606664058
24790,0.0074432243813391625
24791,0.17226239821794126
24792,0.012755405084207468
24793,0.5148072810433197
24794,0.016500633411090718
24795,0.025278354671691292
24796,0.9745925639869066
24797,0.013600085709042392
24798,0.01167300059271441
24799,0.07151688258390641
24800,0.06482530812237468
24801,0.006935762923608755
24802,0.6492233176882386
24803,0.006518187432188236
24804,0.011401348656298518
24805,0.034749755507877914
24806,0.027811816145953776
24807,0.043667103263709116
24808,0.0109148347631251
24809,0.21751248675458204
24810,0.02678269513898254
24811,0.03575402255647865
24812,0.016460759206897987
24813,0.13565443936137644
24814,0.11210243285392685
24815,0.020221317560132828
24816,0.007883193544050844
24817,0.08917005783942991
24818,0.029144615027099138
24819,0.6094421008109737
24820,0.9229773099932683
24821,0.014654000806321602
24822,0.01789371610562208
24823,0.07016313026668339
24824,0.11589156666491468
24825,0.012215736312627243
24826,0.6317007240432367
24827,0.005442153865558732
24828,0.032507272883266575
24829,0.03273950969231855
24830,0.22259378514839004
24831,0.028234423513349382
24832,0.018460904189055494
24833,0.06371858074617083
24834,0.05500575565654888
24835,0.11901074668416661
24836,0.06239006709547309
24837,0.011251146459620906
24838,0.46797962476636035
24839,0.14563885770649285
24840,0.9262426528898043
24841,0.922678999948918
24842,0.007796886061026441
24843,0.11497428999646511
24844,0.012673809526538755
24845,0.012287156917723198
24846,0.008045803399804348
24847,0.5872244069903679
24848,0.03536792883824777
24849,0.02341261891970702
24850,0.06869908429064243
24851,0.3232552143949931
24852,0.263138696286854
24853,0.03459431886088259
24854,0.014429318839921771
24855,0.977131024054849
24856,0.004981161338811624
24857,0.022268799949930203
24858,0.05707694289145124
24859,0.09824408062654527
24860,0.07175392976303642
24861,0.18859195682328997
24862,0.012648941454012906
24863,0.5318709859715501
24864,0.01715295483010592
24865,0.21620500936520168
24866,0.9733678300209058
24867,0.5762098016584466
24868,0.06349970397124455
24869,0.0545736077933429
24870,0.5959390015399693
24871,0.2089541660400709
24872,0.03867924034134111
24873,0.011063971019826823
24874,0.14037910264878625
24875,0.10185608546511694
24876,0.09778339827519132
24877,0.23247066125926882
24878,0.021082877669876487
24879,0.1093312638018573
24880,0.13021855196439375
24881,0.1246983527331425
24882,0.047189180568249986
24883,0.5768306897150192
24884,0.447931995430131
24885,0.17049122755330148
24886,0.12450802818389886
24887,0.05279419486091228
24888,0.01794363863473625
24889,0.812019572566423
24890,0.04899865189819353
24891,0.054114048939617826
24892,0.02203378423117909
24893,0.21635129262073366
24894,0.04012803799810987
24895,0.9659003934874529
24896,0.9453943402862233
24897,0.14089597800120007
24898,0.9651230594669997
24899,0.060942396426398114
24900,0.06216915420154599
24901,0.043161868933433
24902,0.4350135254438777
24903,0.012554548100705817
24904,0.028907272364815675
24905,0.5101715052262177
24906,0.03378046749269295
24907,0.7505247378343797
24908,0.3686602845705324
24909,0.024534007606083742
24910,0.013442722824473516
24911,0.011877452978570487
24912,0.12286659275073082
24913,0.03131013473835552
24914,0.014654000806321602
24915,0.09695840826681056
24916,0.8253831257219397
24917,0.02791042824995018
24918,0.6463227793943166
24919,0.01857992465698373
24920,0.17491541917543038
24921,0.6806111445164336
24922,0.008969390484384204
24923,0.07846566757353238
24924,0.0696088885738039
24925,0.03483697153097383
24926,0.016990621009863257
24927,0.09361948724824577
24928,0.09617350821791694
24929,0.1368203654855727
24930,0.23320298940450376
24931,0.9222731255069061
24932,0.05429453347167262
24933,0.04760064983270299
24934,0.027229513650300255
24935,0.030396839737754887
24936,0.2605235683356044
24937,0.9032449256489005
24938,0.9778971924136368
24939,0.04506939985385875
24940,0.0257270890206012
24941,0.055391261140338564
24942,0.0385748744198364
24943,0.015198423582696078
24944,0.006492826052014899
24945,0.007087864714495591
24946,0.011641529700944174
24947,0.059181331827645324
24948,0.015119041082646624
24949,0.014219040886930382
24950,0.12119603832880803
24951,0.06353758190465106
24952,0.08414642531077768
24953,0.03642371974394708
24954,0.10637259945959932
24955,0.17960839296510892
24956,0.12463841157713028
24957,0.012102380200061835
24958,0.0230107984701901
24959,0.17258325338772007
24960,0.5023876831138551
24961,0.023028826584399063
24962,0.008695239306957024
24963,0.009504204189536718
24964,0.007909735017995486
24965,0.0335324707179654
24966,0.8420747606864133
24967,0.01167300059271441
24968,0.054669207584902915
24969,0.9142106240416523
24970,0.5716458648678878
24971,0.13930104509135197
24972,0.050605024227680026
24973,0.0212467877926184
24974,0.02793311345612337
24975,0.26486195549948127
24976,0.2879754992357329
24977,0.0050725107513515865
24978,0.01941267809265292
24979,0.22229583920134624
24980,0.021429853989699387
24981,0.4167355856115141
24982,0.018259389628328966
24983,0.023539502793185597
24984,0.03542020299632285
24985,0.7207445324640135
24986,0.9173498517145804
24987,0.06814202354428776
24988,0.017339265722539403
24989,0.8455349053614248
24990,0.885507813413982
24991,0.42033870471694734
24992,0.009100822523413921
24993,0.14423869383024976
24994,0.9126304694912354
24995,0.009364940380952202
24996,0.019558444956338218
24997,0.011511946313259634
24998,0.07991855042958074
24999,0.13056911753555445
